borrower_id,risk_score,top_reasons,shap_age,shap_income,shap_dti,shap_credit_score
b450806a-29a7-45e4-b146-5c8fcb8027bc,0.3433,Age impact: -0.575|InterestRate impact: +0.546|MonthsEmployed impact: -0.482,-0.5752,0.0179,-0.0069,0.0074
bfba11ae-34b2-4911-86b6-f52e01633974,0.2789,Age impact: -0.586|HasDependents_No impact: -0.134|NumCreditLines impact: -0.112,-0.5864,-0.0073,0.0019,-0.0417
e64bfc54-103f-48f6-ba2b-d7e9633e35d4,0.4634,Age impact: +0.525|MonthsEmployed impact: -0.496|InterestRate impact: +0.249,0.5247,-0.0218,-0.0,-0.0056
ac3712ef-3a13-4272-8ddd-51957a08cf41,0.5293,MonthsEmployed impact: -0.614|Age impact: +0.530|CreditScore impact: +0.172,0.5299,0.0028,0.0077,0.1724
8dd030b2-8b74-4ec1-832a-79f005425276,0.5105,Age impact: +0.601|MonthsEmployed impact: -0.445|HasDependents_No impact: -0.089,0.6006,-0.0467,-0.0055,-0.0437
cd682187-9e14-4be7-b001-1c3f5bb0d995,0.6256,MonthsEmployed impact: +0.330|HasCoSigner_No impact: +0.140|HasDependents_No impact: +0.101,-0.0373,-0.05,-0.0078,-0.069
f38b7f51-81b3-4a26-8432-0426b8d6d438,0.2016,Age impact: -1.020|MonthsEmployed impact: -0.347|MaritalStatus_Married impact: -0.112,-1.0199,-0.0177,-0.0496,0.0671
7a9c5b69-54ae-4514-89c5-ae02d40d515c,0.3188,InterestRate impact: -0.756|MonthsEmployed impact: -0.320|Age impact: +0.286,0.2859,-0.0536,-0.0121,0.0305
4d2b0d82-db9f-4c5a-9695-bbf0a93fabaa,0.2484,Age impact: -0.978|InterestRate impact: -0.452|MonthsEmployed impact: +0.323,-0.9777,-0.0055,0.0036,-0.0021
ee5f1f39-244a-4b66-9287-afa7b64abcb3,0.4397,Age impact: -0.141|MonthsEmployed impact: +0.135|HasCoSigner_No impact: -0.128,-0.1406,-0.0053,0.002,0.08
1ccfb23d-e420-471c-8264-4305ce823970,0.5188,InterestRate impact: +0.401|HasCoSigner_No impact: -0.163|Age impact: +0.126,0.1264,-0.0046,-0.0006,-0.121
d6b0bf1b-2ed6-430f-80bc-6e90ff7d1c46,0.7567,InterestRate impact: +0.618|MonthsEmployed impact: +0.344|Age impact: -0.282,-0.2824,-0.0176,-0.0066,0.0468
0bed0ff2-9649-4226-82d2-2ea9d6a442ea,0.7009,Age impact: +0.588|MonthsEmployed impact: +0.300|CreditScore impact: +0.214,0.5881,-0.0208,-0.0752,0.2137
8ef53d4e-c989-400b-9dd6-13a48e2b8b78,0.4451,Age impact: +0.783|InterestRate impact: -0.684|MonthsEmployed impact: -0.267,0.783,-0.0186,-0.0098,0.0673
529a9074-a0e8-4aac-97e0-7c3b164c6ad3,0.5847,Age impact: +0.809|InterestRate impact: -0.465|CreditScore impact: -0.159,0.8091,-0.0204,-0.0042,-0.1593
902887d4-a443-4012-85a9-167a00d78ea5,0.2268,Age impact: -0.559|MonthsEmployed impact: -0.286|InterestRate impact: -0.236,-0.5594,-0.008,0.0002,-0.0318
3fe01c1b-7988-4232-af1f-f7262e36d8b1,0.2337,Age impact: -0.656|MonthsEmployed impact: -0.341|InterestRate impact: -0.183,-0.6564,0.0009,0.0035,0.0367
417f4317-747b-42a8-ac62-eefd0b23039e,0.7437,Age impact: +0.513|MonthsEmployed impact: +0.411|InterestRate impact: +0.256,0.5126,-0.0068,-0.0065,-0.0144
b8799d79-380f-4599-96e7-f74b847668ed,0.0673,Age impact: -0.789|InterestRate impact: -0.706|MonthsEmployed impact: -0.595,-0.7891,-0.0406,-0.0017,-0.2548
c87b1d5a-2c42-4c3c-8476-8fc735918955,0.4966,InterestRate impact: +0.471|Age impact: -0.343|MonthsEmployed impact: -0.222,-0.3429,0.0269,0.0024,-0.1304
e85e5c3b-4a65-4e8f-86cb-5ea0af7e27c6,0.6387,MonthsEmployed impact: +0.345|HasCoSigner_No impact: +0.161|HasDependents_No impact: +0.100,-0.0479,-0.0659,-0.0365,-0.0129
ae25b35f-913f-41aa-8467-b1c88b2e802a,0.6474,MonthsEmployed impact: +0.385|InterestRate impact: +0.278|HasCoSigner_No impact: -0.190,-0.0999,0.0075,0.002,0.1052
c8e8fce0-f5ac-4452-ada8-14419c63e7d5,0.7713,Age impact: +0.781|InterestRate impact: +0.398|MonthsEmployed impact: -0.282,0.7808,-0.0272,0.0023,-0.0743
26c96456-acec-4ab7-9953-53a849428888,0.3383,InterestRate impact: -0.357|Age impact: -0.190|HasCoSigner_No impact: -0.147,-0.1899,-0.0161,-0.0011,-0.0608
f67306be-a8ab-4858-a72a-407679949ca2,0.478,Age impact: -0.423|InterestRate impact: +0.388|HasCoSigner_No impact: -0.155,-0.4235,-0.0069,-0.0065,0.0992
c47d9c36-6610-4338-a9dd-b6a5b1f1cde5,0.7135,Age impact: +0.584|InterestRate impact: +0.246|CreditScore impact: -0.207,0.5837,0.0058,0.017,-0.2075
bcd66528-7f20-4055-bc36-d42b195c7bae,0.2587,Age impact: -0.893|InterestRate impact: -0.854|MonthsEmployed impact: +0.284,-0.8931,-0.0076,-0.0341,0.1847
b13ce90e-8b92-417f-8e43-972fa0b74245,0.5849,MonthsEmployed impact: +0.282|Age impact: +0.166|HasCoSigner_No impact: -0.159,0.166,0.028,0.006,0.0775
40d599c8-bc12-4777-b4d9-4e1a8d879f84,0.6152,Age impact: +0.750|InterestRate impact: -0.485|MonthsEmployed impact: +0.393,0.7496,-0.0196,-0.0,-0.0837
45626fe9-07f5-49d3-9335-d3262d3b74be,0.3143,Age impact: -0.699|InterestRate impact: +0.502|MonthsEmployed impact: -0.431,-0.6989,-0.0879,0.0033,0.0211
e7f961da-f144-453c-8d3a-8f425a9456ee,0.5456,InterestRate impact: +0.129|Age impact: +0.126|HasCoSigner_No impact: -0.123,0.1256,-0.0126,-0.0073,0.0092
628b75b2-8801-4fc8-8341-914005f43ae7,0.2725,InterestRate impact: -0.657|NumCreditLines impact: +0.226|Income impact: -0.183,-0.1699,-0.1831,-0.0444,0.0301
b42b3f4c-fdb6-423f-b463-e9036599ad46,0.5387,InterestRate impact: +0.458|MonthsEmployed impact: +0.369|Age impact: -0.168,-0.1679,-0.0113,0.0035,0.06
17df3e66-44df-484a-af7f-cdc9a98471d9,0.2014,Age impact: -0.854|MonthsEmployed impact: -0.480|InterestRate impact: -0.413,-0.8541,-0.0048,-0.011,0.1237
071e27a3-1ccb-4907-af67-9539fd62e7fa,0.4676,InterestRate impact: -0.179|CreditScore impact: -0.145|HasDependents_No impact: +0.115,-0.0251,0.0474,-0.004,-0.1449
3311ff20-2cf1-4d2f-8c01-904e652efa28,0.4005,InterestRate impact: -0.379|MonthsEmployed impact: -0.378|HasCoSigner_No impact: +0.162,-0.0163,0.0022,-0.0019,0.1227
fd5bd290-8707-45f6-8014-0688d06769aa,0.2895,MonthsEmployed impact: -0.708|InterestRate impact: -0.509|Age impact: +0.343,0.3426,-0.0351,-0.0653,-0.0289
42638939-0fcd-4449-b652-c2edd4d0211e,0.4595,InterestRate impact: -0.882|MonthsEmployed impact: +0.433|Age impact: +0.272,0.2721,0.0751,-0.0151,0.0143
b39130c5-379b-42e6-9827-508b29fc15dd,0.5313,MonthsEmployed impact: +0.333|Age impact: -0.326|HasDependents_No impact: -0.116,-0.3258,-0.0053,0.0019,0.0308
1c92bd7b-09b7-4d13-95c4-48084d4056da,0.1766,Age impact: -0.989|MonthsEmployed impact: -0.388|HasDependents_No impact: -0.156,-0.9892,-0.0218,-0.0152,-0.0235
b8baa1d3-82fb-4a47-8161-6b01a0abaa72,0.6325,InterestRate impact: +0.319|MonthsEmployed impact: +0.168|HasCoSigner_No impact: -0.116,0.0831,0.0175,-0.0216,0.0434
13caf036-5e3f-4fe3-8215-5224f75cf731,0.4348,Age impact: -0.867|InterestRate impact: +0.482|HasDependents_No impact: +0.118,-0.8673,-0.0234,0.0159,-0.1149
9c5bff81-23f1-4344-98eb-7a44197560a2,0.2865,Age impact: -0.496|InterestRate impact: -0.379|MonthsEmployed impact: -0.260,-0.4958,-0.0148,0.0077,0.1
a1c1b702-1a5c-4111-8055-1dbcee7de88a,0.2279,InterestRate impact: -0.873|Age impact: +0.384|MonthsEmployed impact: -0.267,0.3838,0.003,-0.0436,0.0184
f3940f06-b031-4a30-b548-1294962849cc,0.2761,InterestRate impact: -0.449|MonthsEmployed impact: -0.440|Age impact: +0.298,0.298,-0.0399,-0.0402,-0.222
07cf2eed-552f-4b95-a1cc-b2498bb89015,0.3739,InterestRate impact: +0.487|MonthsEmployed impact: -0.408|Age impact: -0.344,-0.3435,0.003,-0.0042,-0.0329
cd6395ac-3b00-4d02-acc8-c0cf30bff1cf,0.6394,InterestRate impact: -0.450|MonthsEmployed impact: +0.425|Age impact: +0.306,0.3064,0.0429,-0.006,0.0311
e281de90-e0eb-4765-8d4e-2cd8332ad161,0.6403,MonthsEmployed impact: +0.427|InterestRate impact: +0.237|HasCoSigner_No impact: -0.164,-0.0915,-0.0132,-0.0049,-0.1016
9707718e-1569-45b0-a7c1-ff1e387dd2f0,0.4127,Age impact: -0.892|MonthsEmployed impact: +0.437|InterestRate impact: +0.227,-0.8922,-0.0046,-0.0257,-0.0595
1a44d861-40de-424f-a875-4a71a2550747,0.0814,Age impact: -1.262|InterestRate impact: -0.479|HasDependents_No impact: -0.203,-1.2624,-0.0683,0.0059,-0.1769
39037e6d-8a2e-4536-8d9a-111c88fa3789,0.5427,InterestRate impact: -0.834|Age impact: +0.426|MonthsEmployed impact: +0.280,0.4259,-0.0094,-0.0034,0.1176
c80fd4e8-24c2-4ab5-b278-e96ba29c02e9,0.39,InterestRate impact: -0.795|MonthsEmployed impact: +0.275|Age impact: +0.160,0.1596,0.0002,0.0017,0.0337
d2560f9a-c4ac-4ff0-96a2-dcb368e7d536,0.2048,InterestRate impact: -0.808|Age impact: -0.307|MonthsEmployed impact: -0.305,-0.3072,0.0243,0.0063,0.0074
997db87d-bfe4-4a7e-bae0-2212e8e6a1d9,0.2646,Age impact: -0.961|InterestRate impact: +0.475|MonthsEmployed impact: -0.391,-0.9606,-0.0094,-0.0021,-0.0756
dc5323a0-d6c9-4ccc-8efd-773f6577dc27,0.1203,Age impact: -1.012|InterestRate impact: -0.570|CreditScore impact: -0.251,-1.0117,-0.0677,-0.0031,-0.2514
1271f932-94ea-48a9-b9b1-51346b2f8c6c,0.6319,InterestRate impact: -0.489|MonthsEmployed impact: +0.345|CreditScore impact: +0.177,0.1621,-0.014,-0.0074,0.1766
4b77e2a4-b8cb-4ac4-bbe6-761d9e07aa8f,0.386,Age impact: -0.404|InterestRate impact: +0.175|HasDependents_No impact: -0.129,-0.4042,0.0024,0.0015,-0.1232
fd0fd810-daae-4950-9fcc-e44add444b17,0.4882,MonthsEmployed impact: +0.421|Age impact: -0.165|HasCoSigner_No impact: -0.144,-0.1649,0.0508,-0.0084,-0.0146
7d84aee7-9759-40b3-9733-e8a88b1401ea,0.7902,Age impact: +0.734|InterestRate impact: +0.560|CreditScore impact: +0.307,0.734,0.0181,-0.0417,0.3068
7950ee8e-734d-40fd-a721-eca5de1b0a07,0.2781,InterestRate impact: -0.628|MonthsEmployed impact: +0.286|HasDependents_No impact: -0.169,-0.1343,-0.017,0.0035,-0.0785
aa93f62c-1ed9-4d21-a1e9-027153e29357,0.8105,MonthsEmployed impact: +0.524|Age impact: +0.501|InterestRate impact: +0.238,0.5008,0.0195,-0.0014,-0.0712
e1aeeca6-1f60-46b1-9c55-9c30578f9db9,0.2596,Age impact: -0.903|InterestRate impact: -0.734|MonthsEmployed impact: +0.317,-0.9034,-0.0145,0.0092,-0.0554
99a5f26d-112d-46a6-a8b2-9b31b2806b08,0.26,Age impact: -0.853|MonthsEmployed impact: -0.244|CreditScore impact: -0.189,-0.8528,0.0292,0.0058,-0.189
66394b80-9962-4c6a-a8b4-a9c09697e4e1,0.3216,CreditScore impact: -0.184|MonthsEmployed impact: -0.171|Age impact: -0.155,-0.155,-0.0207,-0.0065,-0.1837
2dce659b-6569-40b2-919d-48dea7a9af16,0.4448,InterestRate impact: -0.834|Age impact: +0.716|MonthsEmployed impact: -0.266,0.7159,-0.0122,0.0079,-0.0757
f92b52a8-b708-49c9-a140-c3bcad9b6b89,0.722,InterestRate impact: +0.486|Age impact: +0.184|CreditScore impact: +0.172,0.1844,0.0197,0.0039,0.1715
5d6fb01d-fdc0-45be-a8a2-ac794f4e2bcf,0.3202,Age impact: -0.631|InterestRate impact: -0.148|HasDependents_No impact: -0.122,-0.6307,-0.0056,0.0011,0.1007
9ace6d9b-c4b4-436a-99f1-2074df693353,0.2797,Age impact: -0.599|InterestRate impact: +0.514|MonthsEmployed impact: -0.305,-0.5993,-0.1475,0.0002,-0.0507
4e7da506-57e1-4a31-950c-e16714a96d1d,0.7288,InterestRate impact: +0.582|Age impact: +0.386|MonthsEmployed impact: +0.140,0.3862,0.0176,-0.0052,-0.0762
147add41-1922-42e6-840a-284d1608c0ae,0.2342,MonthsEmployed impact: -0.386|Age impact: -0.238|HasDependents_No impact: -0.140,-0.2378,0.009,-0.0033,-0.0708
af77cc4c-a6b9-48d2-83e5-e6e0b1dc2330,0.3716,Age impact: +0.560|InterestRate impact: -0.364|MonthsEmployed impact: -0.268,0.5603,0.0314,-0.0039,-0.1519
2d3c0061-dbf3-4288-b1a7-012ba84cc197,0.1748,Age impact: -0.814|InterestRate impact: -0.399|MonthsEmployed impact: -0.335,-0.8135,-0.0272,0.0011,-0.0072
f228642f-44c6-4de4-ba71-40400137e550,0.3445,Age impact: -0.539|InterestRate impact: +0.243|HasDependents_No impact: -0.116,-0.5387,-0.0017,0.0044,0.0704
6d11d3e3-1ee8-41c4-8758-187bbd967175,0.6217,InterestRate impact: +0.597|Age impact: +0.362|MonthsEmployed impact: -0.319,0.3619,-0.0122,0.0019,0.1332
0a3f4750-02be-47b1-8689-35caf4f441ba,0.7876,Age impact: +0.839|HasDependents_No impact: +0.120|CreditScore impact: +0.112,0.8385,-0.0251,0.0218,0.1115
1f92aefe-a989-416d-8ec1-347a767cdcb1,0.2554,InterestRate impact: -0.679|Age impact: -0.464|MonthsEmployed impact: -0.136,-0.4639,0.0129,0.0187,0.1031
e420f694-416b-4a5e-a9a7-87eddf84cce8,0.7843,Age impact: +0.585|InterestRate impact: +0.439|HasDependents_No impact: +0.120,0.5853,-0.0167,-0.0014,-0.1038
d80172ed-f3eb-4445-8eb8-c55c617d3a3e,0.4728,Age impact: +0.821|InterestRate impact: -0.494|MonthsEmployed impact: -0.346,0.8208,-0.0449,0.0516,0.0781
197d4eb0-9ab1-4783-9e65-f9d665e13aeb,0.7677,Age impact: +0.602|InterestRate impact: +0.524|MonthsEmployed impact: -0.136,0.6015,-0.0052,0.0046,0.1019
1b61dda2-311f-409d-ad5b-5dfaa9258384,0.3685,MonthsEmployed impact: -0.242|Age impact: -0.200|HasDependents_No impact: -0.160,-0.2003,-0.0215,0.0078,0.0411
58c87731-9f6a-49f2-a779-a93eb93ede5e,0.4224,Age impact: +0.742|InterestRate impact: -0.702|MonthsEmployed impact: -0.298,0.7421,0.0415,0.0085,0.1063
ba9a29ad-d117-4a4e-892d-fa12627e36c0,0.4138,Age impact: -0.485|MonthsEmployed impact: +0.301|HasDependents_No impact: -0.148,-0.4849,0.0032,-0.0027,-0.0433
20044563-8ecd-4042-8d83-fc718e809c5e,0.1217,Age impact: -1.142|InterestRate impact: -0.482|MonthsEmployed impact: -0.450,-1.1417,-0.0518,0.0118,-0.1749
c660863c-bc0b-4360-b98c-4d23dadb6bf7,0.5762,MonthsEmployed impact: -0.243|InterestRate impact: +0.229|Age impact: +0.148,0.1485,0.0039,-0.0033,0.093
4d7249a0-1749-461c-a566-13362b30251d,0.4218,Age impact: -0.565|MonthsEmployed impact: +0.393|InterestRate impact: +0.225,-0.5654,0.0087,0.002,-0.1373
b2f05e6a-a074-4dc8-a243-5a9af9a778ea,0.3509,Age impact: -0.942|MonthsEmployed impact: +0.314|NumCreditLines impact: +0.152,-0.9416,-0.0058,0.0202,-0.1165
55c04c7f-590c-40d5-bbe6-8e1a5543706c,0.4834,InterestRate impact: -0.690|Age impact: +0.550|HasCoSigner_No impact: -0.136,0.5505,-0.0328,0.008,-0.0632
5190001c-2001-44eb-825b-117781e63ee2,0.3642,InterestRate impact: -0.803|Age impact: +0.322|MonthsEmployed impact: +0.263,0.3221,-0.0071,0.0029,-0.0423
fdf369bf-d275-47eb-91cf-c623bad64a0d,0.29,InterestRate impact: -0.759|Age impact: +0.131|HasCoSigner_No impact: -0.125,0.1309,0.006,-0.0505,0.0248
6481f71b-f2d3-4e88-b3ee-6427092fefb2,0.5925,MonthsEmployed impact: +0.327|Age impact: +0.294|HasCoSigner_No impact: -0.096,0.2936,-0.0074,0.0039,-0.0693
9c0fef9b-f533-4964-bdd0-9b89ee144ac6,0.3031,Age impact: -0.906|MonthsEmployed impact: -0.280|InterestRate impact: +0.239,-0.9057,0.0346,0.0004,-0.0631
453cca20-600e-4675-b802-def5e1401095,0.4594,InterestRate impact: -0.382|Age impact: -0.339|MonthsEmployed impact: +0.303,-0.3385,0.0352,-0.008,-0.0711
cabe0e00-041a-44db-9c51-c2bf808f0303,0.3951,InterestRate impact: -0.829|MonthsEmployed impact: +0.385|Age impact: +0.272,0.2719,-0.014,0.0043,0.1285
0070a745-f7b7-436a-b664-d302622c18d3,0.1898,Age impact: -0.620|MonthsEmployed impact: -0.526|InterestRate impact: -0.267,-0.6204,-0.037,0.0109,-0.0151
896472ce-3210-48a5-b814-ca2bc815a73b,0.1436,InterestRate impact: -0.540|MonthsEmployed impact: -0.373|Age impact: -0.235,-0.2354,-0.0048,0.0014,-0.1309
89875bbe-d539-40b3-909c-e025dd9a66b8,0.6973,Age impact: +0.615|InterestRate impact: +0.536|MonthsEmployed impact: -0.172,0.6152,0.0041,-0.0003,-0.1115
21eeb697-045b-4d98-815b-8b4aa34acdd5,0.4462,Age impact: +0.227|HasCoSigner_No impact: -0.136|HasDependents_No impact: +0.119,0.2269,-0.0062,0.0012,-0.076
2ac4be09-6e00-4358-866a-246df16c76ae,0.811,Age impact: +0.642|InterestRate impact: +0.621|HasCoSigner_No impact: -0.119,0.6416,0.0525,-0.0001,0.1112
d45fa96b-a5be-4e2b-9732-494c63f1fb1f,0.3848,MonthsEmployed impact: -0.411|InterestRate impact: -0.195|CreditScore impact: +0.140,0.1264,-0.0062,-0.0008,0.1395
1be6117f-6452-49ef-b3e6-76525558b95e,0.093,InterestRate impact: -0.730|Age impact: -0.704|MonthsEmployed impact: -0.271,-0.7043,-0.0086,0.0021,-0.1432
f7a11d82-9734-4536-a1f6-63fdd51ea36f,0.4475,InterestRate impact: -0.720|Age impact: +0.509|HasDependents_No impact: -0.126,0.5092,-0.0331,0.0038,-0.0203
620ad6ae-8766-4ae8-9544-619926b93b42,0.2914,Age impact: -0.934|MonthsEmployed impact: +0.310|InterestRate impact: -0.262,-0.9336,-0.0104,-0.0013,-0.0375
c850ade6-d756-4445-9d77-a0f3000f211a,0.5619,Age impact: +0.642|MonthsEmployed impact: -0.382|HasDependents_No impact: -0.128,0.6423,-0.0256,-0.0079,0.112
2b1db34c-5158-44a9-beae-d9a64fe2d894,0.75,InterestRate impact: +0.631|MonthsEmployed impact: +0.329|Age impact: +0.153,0.1528,-0.0293,-0.016,0.0901
3cb1ad98-7ae6-4320-99dd-9f2416b3e2a7,0.2061,InterestRate impact: -0.653|MonthsEmployed impact: -0.488|Age impact: -0.438,-0.4379,-0.0063,0.0235,0.0248
7e6be586-c8c5-4baf-9e9b-6d00faea279b,0.7238,Age impact: +0.534|MonthsEmployed impact: +0.460|InterestRate impact: -0.214,0.5341,-0.0116,-0.0064,-0.0453
59825177-025f-41f4-a354-948aca12f66b,0.2315,InterestRate impact: -0.589|MonthsEmployed impact: -0.489|HasCoSigner_No impact: -0.170,-0.1222,-0.0088,0.0042,-0.0441
35ac1533-c21b-4e85-a143-a67839d70910,0.4701,InterestRate impact: -0.404|MonthsEmployed impact: +0.352|Age impact: -0.186,-0.1863,0.0119,-0.0006,0.1688
c788c566-69b7-4e59-85f2-fbfc5046c78a,0.6811,Age impact: +0.632|MonthsEmployed impact: +0.365|HasCoSigner_No impact: -0.147,0.6317,-0.0128,-0.0065,0.0537
f32089ee-a0c8-48ad-a77d-74a1c4643221,0.2021,InterestRate impact: -0.682|Age impact: -0.581|MonthsEmployed impact: +0.269,-0.581,-0.0529,-0.007,-0.1753
65a1b2a6-7d7d-4aa2-be68-0d316cfdea91,0.5108,Age impact: -0.472|MonthsEmployed impact: +0.273|NumCreditLines impact: +0.128,-0.472,0.0194,-0.0026,-0.0585
41d75042-7c86-4eee-846d-fe51ab72df82,0.3932,MonthsEmployed impact: +0.353|Age impact: -0.343|HasCoSigner_No impact: -0.138,-0.3434,0.0052,-0.0012,-0.0739
2b60cdcc-4129-4319-adfc-33052ca6422c,0.5748,InterestRate impact: +0.484|MonthsEmployed impact: +0.353|Age impact: -0.195,-0.1947,-0.04,-0.0631,-0.0796
b25439ca-1809-4f09-90f2-9f93e40dc957,0.5856,Age impact: +0.684|MonthsEmployed impact: -0.300|CreditScore impact: +0.163,0.6842,-0.036,0.0042,0.1629
2d6122d4-b181-490a-a00d-933c46c428ae,0.5251,InterestRate impact: +0.290|Age impact: +0.248|MonthsEmployed impact: -0.246,0.2479,-0.0853,-0.0035,-0.1303
76ca7ef2-6987-4feb-8d8f-82013430961b,0.8202,Age impact: +0.546|MonthsEmployed impact: +0.433|InterestRate impact: +0.249,0.5457,0.0064,-0.0032,0.0987
b3120fb9-a6ba-4656-91b0-2f90e33bb90b,0.4676,InterestRate impact: +0.416|MonthsEmployed impact: -0.239|Age impact: -0.168,-0.1678,0.0062,-0.0007,-0.0447
0120a055-1a74-42b9-8aa7-1a9aff143278,0.7085,Age impact: +0.613|InterestRate impact: +0.476|MonthsEmployed impact: -0.231,0.6133,-0.019,-0.0022,-0.1035
e274d053-3a63-45c2-aab0-6d46af60b870,0.4016,Age impact: -0.881|InterestRate impact: +0.370|HasCoSigner_No impact: +0.105,-0.8814,-0.0288,-0.004,-0.071
c992462c-cc04-493b-a2ee-9a0b37e06722,0.2245,Age impact: -0.835|MonthsEmployed impact: -0.393|InterestRate impact: +0.246,-0.8345,-0.052,-0.0091,0.0758
33ec6e0e-38c6-4d71-92da-6a9a4912a0c3,0.2763,MonthsEmployed impact: -0.380|CreditScore impact: -0.223|Age impact: -0.209,-0.2093,-0.0256,0.0021,-0.2233
fe2bf5af-28c8-42d3-afa3-601b2e50efbf,0.5414,Age impact: +0.768|InterestRate impact: -0.453|MonthsEmployed impact: -0.379,0.7679,0.0063,-0.0007,0.1411
3935b6d2-0b93-4259-8d5e-7a766a3b5e39,0.5357,InterestRate impact: -0.421|MonthsEmployed impact: +0.321|Age impact: +0.267,0.2674,-0.0104,-0.0037,0.0752
1ccb320b-3a85-4dfe-85bf-fa4a5a795a49,0.5125,Age impact: +0.799|MonthsEmployed impact: -0.586|InterestRate impact: -0.224,0.799,0.0207,0.0149,-0.1453
919f1be5-de09-4cf6-91a3-012b6b8a48e4,0.84,Age impact: +0.797|InterestRate impact: +0.469|MonthsEmployed impact: +0.255,0.7967,-0.0597,-0.016,0.0845
9b60c3a8-55b8-4ff7-a079-08320b33b0ca,0.1981,Age impact: -0.881|MonthsEmployed impact: -0.471|NumCreditLines impact: -0.128,-0.881,-0.0352,0.0013,-0.0269
aa1d065f-bcc4-47a4-8380-8d7a7788eaaa,0.4856,InterestRate impact: -0.421|Age impact: +0.182|NumCreditLines impact: +0.168,0.1817,-0.0342,-0.0077,0.0878
36252aba-0927-412f-ae0d-9685d7e039b8,0.0767,Age impact: -1.179|InterestRate impact: -0.713|MonthsEmployed impact: -0.256,-1.1793,-0.0918,0.0056,-0.0395
103bb948-b1a7-4724-9e27-3ed7aa783373,0.216,Age impact: -0.936|MonthsEmployed impact: -0.352|InterestRate impact: -0.226,-0.9358,-0.0124,0.0017,0.1091
15de27c0-3317-432f-9f7c-6a61363c7a17,0.3614,Age impact: -0.479|InterestRate impact: -0.398|CreditScore impact: +0.287,-0.479,0.0005,0.0592,0.2866
57fd1361-3c84-44f2-baf3-06e82f915c4a,0.1817,Age impact: -0.884|InterestRate impact: -0.437|MonthsEmployed impact: -0.131,-0.8837,-0.0065,0.0098,0.1192
60e7709b-5ffc-4eac-836a-9d3241bd5790,0.4332,InterestRate impact: -0.810|MonthsEmployed impact: +0.404|Age impact: +0.388,0.3877,-0.026,0.0072,0.1493
f7dba11b-1243-4eca-968c-251b5270077f,0.5093,Age impact: +0.824|InterestRate impact: -0.628|HasCoSigner_No impact: -0.126,0.8242,-0.0935,0.0024,0.0237
0b5b127e-c4bf-4107-af44-cecd2ea2a95b,0.3058,Age impact: -0.547|InterestRate impact: -0.306|HasCoSigner_No impact: -0.139,-0.5467,0.0226,-0.0019,0.1005
a2c03e18-35f6-4b3f-b4d4-302598aaadfe,0.1224,Age impact: -0.842|InterestRate impact: -0.435|MonthsEmployed impact: -0.318,-0.842,-0.0241,-0.0014,-0.1632
e20590a7-59f1-4234-a841-b9ece2fc295a,0.5611,Age impact: +0.743|InterestRate impact: -0.689|MonthsEmployed impact: +0.274,0.7431,0.0299,0.0006,0.1465
a4a959b3-26be-4ef0-870b-bbb970521025,0.5922,InterestRate impact: +0.468|MonthsEmployed impact: -0.248|Age impact: +0.141,0.1412,0.0249,0.0376,0.0542
202dfeb9-5647-44e9-a579-250405dd2bce,0.3017,Age impact: -0.793|InterestRate impact: +0.302|MonthsEmployed impact: +0.162,-0.793,0.0069,0.0032,-0.1415
c9d0d5dc-1526-4fce-b9d9-4dc487229839,0.445,InterestRate impact: -0.465|MonthsEmployed impact: +0.434|HasCoSigner_No impact: -0.170,-0.0424,-0.0178,0.0009,-0.0918
cbfbb439-4757-4718-ad40-a71364855103,0.6541,InterestRate impact: +0.525|Age impact: +0.135|NumCreditLines impact: +0.132,0.1347,0.0071,-0.0019,-0.0125
ac7fe4d3-f9b5-4592-8423-d5530e8a066b,0.5308,Age impact: +0.388|InterestRate impact: -0.227|HasDependents_No impact: -0.111,0.3882,-0.0025,-0.0057,0.0266
ee40c34f-b14d-4c58-b3c6-235147af40c5,0.3896,Age impact: -0.462|InterestRate impact: -0.397|MonthsEmployed impact: +0.166,-0.4618,-0.0447,0.0078,-0.1658
0528372c-a26d-42cf-89fa-1e40ba05fff5,0.2247,Age impact: -0.834|InterestRate impact: -0.745|MonthsEmployed impact: +0.451,-0.8344,-0.0502,-0.002,-0.2037
a1919f1d-7337-4d3a-a40d-eeb3c6c21a26,0.5517,MonthsEmployed impact: +0.277|Age impact: +0.191|HasCoSigner_No impact: -0.116,0.1909,-0.0052,0.0077,-0.1137
68163b25-b770-44f1-b119-0c6a1902dc4a,0.5677,MonthsEmployed impact: +0.349|InterestRate impact: +0.260|Age impact: -0.163,-0.1626,-0.0165,-0.0045,-0.1459
9a41cbdf-040c-453b-bae5-9b316a72d26f,0.1957,Age impact: -0.941|MonthsEmployed impact: -0.356|InterestRate impact: -0.232,-0.9411,-0.0148,-0.0329,0.0605
45df5d95-3049-4727-825f-7107d30ecbad,0.6235,Age impact: -0.799|MonthsEmployed impact: +0.511|InterestRate impact: +0.451,-0.7991,-0.0054,0.0313,-0.057
9be13675-6b20-4388-81c7-246669402489,0.2879,Age impact: -0.518|InterestRate impact: -0.446|HasMortgage_No impact: +0.098,-0.5176,-0.0519,0.0019,-0.0333
df57cbf2-2248-4439-a08c-0c6a4f897b22,0.5237,Age impact: +0.500|InterestRate impact: -0.469|MonthsEmployed impact: +0.175,0.4997,-0.0224,-0.0061,-0.0766
eaa54b1a-129a-4234-8528-a46f31bd3c28,0.4084,InterestRate impact: -0.622|NumCreditLines impact: +0.183|HasDependents_No impact: -0.116,-0.1101,-0.0264,0.0042,0.0776
e376ea76-4140-4c39-8bcc-260824ece6d2,0.5394,InterestRate impact: -0.217|MonthsEmployed impact: +0.144|HasCoSigner_No impact: +0.125,-0.1135,-0.0361,-0.0261,0.0833
71950653-f7c2-42e7-b082-841fd666d0da,0.5165,Age impact: -0.544|MonthsEmployed impact: +0.319|HasCoSigner_No impact: +0.111,-0.5436,-0.0078,0.0032,0.0716
a0857a62-33c8-41f1-82a4-0a81897a4ecd,0.6546,InterestRate impact: +0.653|MonthsEmployed impact: +0.424|CreditScore impact: -0.216,-0.148,-0.047,0.0239,-0.2157
5184a5d5-3756-4ecf-8ec6-9d8714741501,0.2882,Age impact: -0.835|InterestRate impact: -0.214|MonthsEmployed impact: +0.174,-0.8349,-0.0161,-0.0044,-0.0725
8f871631-da5a-4599-b252-6498a4aeda2c,0.262,InterestRate impact: -0.547|MonthsEmployed impact: -0.253|HasCoSigner_No impact: -0.135,-0.0151,-0.0087,0.0026,0.0502
eea3772b-4ef7-4446-a2d5-ebe2fddec201,0.3167,InterestRate impact: -0.487|MonthsEmployed impact: -0.456|Age impact: +0.166,0.166,-0.0844,0.0047,0.0185
5f9849b6-9664-4d54-941a-2ee08fcc2489,0.2558,Age impact: -0.582|MonthsEmployed impact: -0.164|InterestRate impact: -0.141,-0.5822,-0.0553,-0.0002,0.0211
d622385d-bdc9-4e22-8351-ffd2d04ecdeb,0.4197,Age impact: -0.902|InterestRate impact: +0.557|MonthsEmployed impact: -0.211,-0.9021,-0.0111,-0.0228,0.1635
e98d9b0e-7072-46d3-a743-0b35ffbed2b3,0.2617,Age impact: -0.894|MonthsEmployed impact: -0.454|HasCoSigner_No impact: +0.084,-0.8939,-0.0633,-0.0006,0.0295
ffd015f5-a8ee-4354-82f0-b5298acf9a91,0.5063,Age impact: +0.551|MonthsEmployed impact: -0.318|MaritalStatus_Married impact: -0.135,0.5513,-0.0199,-0.0084,-0.0242
6712b922-0c19-4dbb-a452-303f721b2ccf,0.5938,InterestRate impact: -0.667|MonthsEmployed impact: +0.474|Age impact: +0.346,0.3463,0.0045,0.0124,-0.115
285a737b-063c-4f53-9e35-a38743fe1a53,0.1918,Age impact: -0.891|InterestRate impact: -0.502|MonthsEmployed impact: +0.270,-0.8906,-0.0477,0.0012,0.0727
cfc7945b-8fac-4e14-a85e-08382031da6f,0.5241,InterestRate impact: +0.522|MonthsEmployed impact: -0.217|CreditScore impact: -0.209,0.1889,-0.0422,-0.0035,-0.2092
024f5c3d-764a-4a79-8149-52434adaf7e3,0.5617,Age impact: +0.767|InterestRate impact: -0.693|MonthsEmployed impact: -0.252,0.7668,0.0116,0.0047,0.1387
4b14df32-5a3d-43d1-974a-cbba058bbc85,0.5043,Age impact: -0.216|MonthsEmployed impact: +0.125|InterestRate impact: +0.115,-0.2165,-0.0222,0.001,0.044
27ae9be3-77b4-4ef7-8a76-6a4330a29d8d,0.7607,Age impact: +0.799|InterestRate impact: +0.235|MonthsEmployed impact: +0.166,0.7993,0.0178,-0.003,-0.0641
934d1b4a-4a1c-4b3b-99a7-1ec959add32b,0.2294,Age impact: -0.868|InterestRate impact: -0.250|CreditScore impact: -0.189,-0.8679,-0.012,0.0002,-0.1885
0de5ed63-e7b2-42eb-8521-23dfdba4b906,0.401,MonthsEmployed impact: -0.469|InterestRate impact: +0.213|Age impact: -0.204,-0.2036,-0.0027,-0.0033,0.1183
4fb98860-6db5-4403-b695-8e71497f354b,0.3122,Age impact: -1.018|MonthsEmployed impact: -0.188|HasDependents_No impact: +0.118,-1.0179,0.0536,0.0002,-0.0137
4cc9ef8d-2af9-4afd-aaae-88e664f65280,0.3501,MonthsEmployed impact: -0.380|Age impact: -0.323|HasCoSigner_No impact: -0.120,-0.3229,0.0446,-0.008,-0.1202
d3fbc4ec-71fe-4522-aaa7-bef00680e82f,0.4344,Age impact: -0.885|InterestRate impact: +0.552|MonthsEmployed impact: +0.128,-0.8853,0.0034,-0.048,0.0686
1a6aa4fc-78b3-490f-b776-157fb5fdf7d0,0.6029,Age impact: +0.549|InterestRate impact: -0.372|MonthsEmployed impact: +0.176,0.5487,0.0028,0.0123,0.0768
ceb618d6-ec13-452f-a0bc-d7ae752aa132,0.5732,InterestRate impact: +0.643|MonthsEmployed impact: -0.439|NumCreditLines impact: +0.126,0.0206,0.0039,-0.009,-0.1138
76f06dec-1783-408b-b19b-d5410b15f200,0.6472,Age impact: +0.819|InterestRate impact: -0.478|MonthsEmployed impact: +0.316,0.8189,0.028,-0.0717,-0.0819
58176824-3074-49c9-aea1-660150ba9cc8,0.7709,Age impact: +0.641|InterestRate impact: +0.497|MonthsEmployed impact: -0.205,0.6411,-0.013,-0.0003,0.008
43897a47-94dd-49b6-9604-f48c537c9746,0.5223,Age impact: +0.463|CreditScore impact: -0.146|MonthsEmployed impact: +0.139,0.4628,-0.0108,-0.0041,-0.1457
769bd5d9-143d-4508-ae79-3036174d8c52,0.1968,InterestRate impact: -0.746|Age impact: -0.437|MonthsEmployed impact: -0.378,-0.4369,-0.0073,0.0039,-0.1901
a0afa504-e19d-4ad1-b2e8-d563722ef31d,0.5935,InterestRate impact: +0.405|MonthsEmployed impact: +0.326|Age impact: -0.203,-0.2025,-0.0204,-0.0123,0.0404
a0101b38-499b-4143-9c20-1c6e013bc0c1,0.7484,InterestRate impact: +0.569|MonthsEmployed impact: +0.207|HasCoSigner_No impact: +0.121,0.0097,-0.0104,0.01,-0.0014
673a2797-eb27-49ae-b4e4-187ee1476ef8,0.2597,Age impact: -0.555|InterestRate impact: -0.413|MonthsEmployed impact: +0.274,-0.5546,-0.0146,-0.0011,0.007
50e78e41-c934-4bd6-99f5-960a8532d931,0.3581,InterestRate impact: -0.676|Age impact: +0.343|HasCoSigner_No impact: -0.126,0.3427,0.0012,0.0007,-0.0547
05b1ced6-38ab-4cba-9e51-87e67d9745c2,0.3019,InterestRate impact: -0.751|MonthsEmployed impact: -0.295|HasCoSigner_No impact: +0.132,-0.1011,0.0096,-0.03,0.0862
3dcc7dd5-8471-4525-8ce3-b368655d8906,0.2872,InterestRate impact: -0.822|Age impact: +0.562|MonthsEmployed impact: -0.371,0.5621,-0.036,0.0125,-0.0649
eafd76aa-9855-461b-ba6a-0d2bc1e47918,0.5957,InterestRate impact: -0.578|Age impact: +0.421|NumCreditLines impact: +0.181,0.4214,0.0047,0.0748,0.1317
f992a2a3-c14e-4e88-a198-a5ffcff9bb98,0.4731,InterestRate impact: +0.263|CreditScore impact: -0.183|HasDependents_No impact: -0.131,-0.1218,0.014,0.0108,-0.1835
72f46bcc-04c8-45fc-bbd6-81a80d0a0933,0.2537,InterestRate impact: -0.680|MonthsEmployed impact: -0.562|Age impact: +0.164,0.1641,-0.0011,-0.0565,0.0696
8b9078d8-e8c5-431e-8e94-cca74ebedc70,0.4627,MonthsEmployed impact: +0.322|InterestRate impact: -0.237|NumCreditLines impact: +0.142,-0.1265,-0.0117,-0.0053,-0.0746
e4c56063-e57e-499f-9558-04a99cbab70a,0.7273,InterestRate impact: +0.606|MonthsEmployed impact: +0.453|HasCoSigner_No impact: -0.173,-0.1713,0.0119,-0.0066,0.0113
88949ff5-bae5-4fdd-87f7-0edba0d4820f,0.2241,Age impact: -0.920|MonthsEmployed impact: -0.490|CreditScore impact: -0.114,-0.9203,-0.0158,0.0036,-0.1136
0ee53bbd-26a0-4d0d-8346-18e1be5bdf20,0.7573,Age impact: +0.587|InterestRate impact: +0.541|MonthsEmployed impact: -0.256,0.5866,-0.0596,-0.0088,0.098
425d997f-d25f-42f4-a110-47d0e456702b,0.3264,Age impact: -0.707|InterestRate impact: -0.200|MonthsEmployed impact: +0.139,-0.7067,-0.0158,0.019,0.0076
7045bc5f-08f7-46a5-9288-d50d5969d56e,0.4413,InterestRate impact: -0.416|MonthsEmployed impact: +0.407|Age impact: -0.298,-0.2981,0.0539,-0.0062,0.2275
418ae324-9bd0-4223-9cc3-edfce8e13703,0.5884,MonthsEmployed impact: +0.369|HasCoSigner_No impact: -0.181|HasDependents_No impact: +0.085,0.0647,-0.0388,0.0055,0.0557
94f1560d-3d1f-4068-91c3-7e46eead389f,0.5165,Age impact: -0.309|InterestRate impact: +0.198|MonthsEmployed impact: +0.191,-0.3088,-0.0122,0.0007,0.0664
15f18535-f3ec-4c21-a5e2-870936f063b1,0.6532,InterestRate impact: +0.595|Age impact: -0.350|MonthsEmployed impact: +0.323,-0.3505,0.0563,-0.0038,0.031
b0140955-e48b-4dd0-ab18-8c9833347427,0.2264,Age impact: -0.834|MonthsEmployed impact: -0.513|HasCoSigner_No impact: -0.098,-0.8337,-0.005,-0.0005,-0.0232
4b276dbe-5972-4404-bbc4-63baeedc3615,0.2579,MonthsEmployed impact: -0.593|Age impact: +0.332|InterestRate impact: -0.243,0.3315,0.0063,0.0058,-0.0941
9bfbcdac-6f95-41d8-8e08-8f4be3848cf4,0.095,Age impact: -0.860|InterestRate impact: -0.635|MonthsEmployed impact: -0.554,-0.8596,0.0086,-0.0052,-0.0031
057f11dd-207e-427e-86f9-f8fa18c19f90,0.7967,Age impact: +0.819|MonthsEmployed impact: +0.323|HasCoSigner_No impact: -0.121,0.819,0.0207,-0.0027,0.0734
9cf29262-7933-4e40-b48c-da6a3faab06c,0.2106,Age impact: -0.884|InterestRate impact: -0.359|MonthsEmployed impact: -0.233,-0.8839,0.0334,0.0006,0.0066
dc5fe6cf-1357-44ea-9133-40a4bb59e16b,0.6538,MonthsEmployed impact: +0.358|InterestRate impact: +0.120|HasCoSigner_No impact: +0.117,-0.0388,-0.0093,0.0006,0.0396
7cb4064e-1e87-4b03-aabe-6b924149e785,0.3495,Age impact: -0.741|MonthsEmployed impact: +0.121|HasCoSigner_No impact: +0.116,-0.7411,-0.0352,0.0134,-0.0398
9634a59c-6f19-4250-b56e-9176322af9fe,0.4545,Age impact: +0.382|MonthsEmployed impact: -0.286|InterestRate impact: -0.265,0.3819,-0.0019,0.0025,-0.0334
d529360c-f82d-4a14-afb7-56178f9a100b,0.4133,Age impact: -0.338|MonthsEmployed impact: -0.167|HasCoSigner_No impact: -0.126,-0.3376,-0.0398,-0.0016,0.0221
d0b1c3cd-aa4b-49f7-941e-f93280101f4d,0.2617,InterestRate impact: -0.517|Age impact: -0.362|MonthsEmployed impact: +0.242,-0.3622,-0.0422,0.0029,-0.1249
d39510a6-18a2-4986-a066-acccb8dd72eb,0.2994,Age impact: -0.934|InterestRate impact: -0.434|MonthsEmployed impact: +0.150,-0.9336,0.0092,0.004,0.106
0913b53d-31fa-420e-857a-d514aa9d96d8,0.3494,InterestRate impact: -0.470|Age impact: -0.236|MonthsEmployed impact: +0.199,-0.2358,0.0003,-0.0087,0.0801
e21253af-b048-44ca-a583-386323a66551,0.2191,Age impact: -0.888|MonthsEmployed impact: -0.338|HasDependents_No impact: +0.127,-0.8879,-0.0012,-0.0233,-0.1068
35d95337-db88-4b4a-8b04-d21a07645633,0.3601,InterestRate impact: -0.659|Age impact: -0.192|MonthsEmployed impact: +0.169,-0.1923,-0.0052,0.0043,0.1345
109d1904-40c4-42e0-afe2-fa59e9e0605b,0.2498,InterestRate impact: -0.688|MonthsEmployed impact: -0.435|NumCreditLines impact: +0.186,-0.1386,0.0207,-0.0047,-0.1149
098d9e86-69b2-4c94-a724-eeab44462420,0.7985,Age impact: +0.563|InterestRate impact: +0.422|MonthsEmployed impact: +0.380,0.5627,0.0173,0.0057,0.0443
33e3dda7-2cc4-48ef-8763-05caf83766b4,0.5469,Age impact: +0.569|CreditScore impact: -0.186|HasDependents_No impact: -0.137,0.5693,-0.0218,0.0004,-0.1863
2616489a-34b2-47d4-9abe-4eb3540083c9,0.3197,InterestRate impact: -0.539|MonthsEmployed impact: -0.305|Age impact: +0.183,0.1829,-0.0116,0.0018,0.0012
4e5d5f5b-6c18-4ae2-b7f4-710436213b6a,0.5654,Age impact: -0.666|InterestRate impact: +0.433|MonthsEmployed impact: +0.335,-0.6661,0.0094,-0.054,0.0259
31ce94e4-875b-449f-ba59-71f3f3b86da4,0.2314,Age impact: -0.944|MonthsEmployed impact: -0.208|InterestRate impact: -0.198,-0.9439,-0.0278,0.0014,-0.0852
40b7cf37-62cf-4469-8cde-73b7b2393508,0.4138,InterestRate impact: -0.455|Age impact: +0.364|HasCoSigner_No impact: -0.117,0.3645,-0.009,0.0144,-0.0003
fdf4d463-8d56-49e6-9e98-3f997bbfebaa,0.6418,Age impact: +0.564|MonthsEmployed impact: +0.325|InterestRate impact: -0.199,0.5637,-0.008,0.0002,0.0801
e9f5df51-3795-4926-92c4-0085848c3b9b,0.6053,MonthsEmployed impact: +0.417|InterestRate impact: -0.394|HasCoSigner_No impact: +0.145,0.141,-0.0359,-0.0007,0.1023
94b68de8-d5a1-426e-b05c-c8f59d9c3f00,0.3682,Age impact: -0.732|InterestRate impact: -0.216|HasCoSigner_No impact: +0.115,-0.7324,-0.0148,-0.0161,0.0793
7c12ebdf-de5b-4b49-8fc3-fedb6b193084,0.3911,Age impact: -0.660|MonthsEmployed impact: +0.288|NumCreditLines impact: +0.130,-0.66,-0.0221,0.0017,0.0719
bc695d68-a2a8-4c12-bd4a-4d033329c4a6,0.2874,MonthsEmployed impact: -0.587|Age impact: +0.301|HasDependents_No impact: -0.165,0.301,0.0057,0.0006,-0.1437
67b0f2cb-4bc1-4dfa-900f-dd18041b3f22,0.3572,MonthsEmployed impact: -0.485|Age impact: -0.342|InterestRate impact: +0.164,-0.342,0.0032,0.0146,0.0816
b217f377-2a02-452d-913d-bb6e8b13cf45,0.3848,InterestRate impact: -0.370|Age impact: -0.212|MonthsEmployed impact: +0.153,-0.2123,0.0119,-0.0011,0.0077
3a281f54-ebf8-4ee4-90f5-ce7c98f19888,0.3856,InterestRate impact: -0.486|MonthsEmployed impact: -0.377|HasCoSigner_No impact: +0.148,0.0449,-0.0263,0.0055,0.1295
0fb284a9-4566-45a8-b43c-21e5544054ec,0.7426,InterestRate impact: +0.570|MonthsEmployed impact: +0.462|NumCreditLines impact: +0.152,-0.0405,-0.0296,-0.0128,-0.0473
2c5c9c2e-892b-48c3-ae11-25ca5f6628c9,0.4536,InterestRate impact: -0.613|MonthsEmployed impact: +0.475|Age impact: -0.214,-0.2144,-0.0116,0.0028,-0.0456
50f1b9ad-7a22-4a50-b9fd-59b8fbe12f3b,0.7405,Age impact: +0.719|InterestRate impact: +0.386|MonthsEmployed impact: +0.172,0.719,-0.0411,-0.0069,-0.1137
4c25363f-65a1-4327-b488-c7ad491cbc95,0.3012,InterestRate impact: -0.394|Age impact: -0.229|HasDependents_No impact: -0.142,-0.2288,-0.0064,0.0018,-0.0524
769082e8-da12-475d-9fa5-a28bb72230a8,0.6152,Age impact: +0.604|HasDependents_No impact: -0.125|NumCreditLines impact: -0.107,0.6039,0.0023,-0.0039,0.0591
4ca61063-6253-4abd-95af-e3aa4b4212bb,0.2643,MonthsEmployed impact: -0.428|InterestRate impact: -0.393|Age impact: -0.173,-0.1726,0.0134,-0.0037,-0.1316
93fb99c5-a504-41ac-8d8a-5d7ff2aab15b,0.5825,InterestRate impact: -0.731|Age impact: +0.346|MonthsEmployed impact: +0.309,0.3464,-0.0323,0.0036,0.0463
7a324c0f-6024-4b45-8118-3613867d53d3,0.0938,Age impact: -0.849|InterestRate impact: -0.757|MonthsEmployed impact: -0.353,-0.849,0.0238,0.0036,-0.1653
2c2da646-4908-40c3-8f10-82deb89b190b,0.411,Age impact: +0.549|InterestRate impact: -0.410|MonthsEmployed impact: -0.283,0.5491,-0.0017,-0.0041,0.0727
c6c0e3ce-5b3b-4139-9957-1d5a310623bb,0.32,Age impact: -0.927|MonthsEmployed impact: -0.453|InterestRate impact: +0.171,-0.9266,0.0144,0.0018,0.0876
6440d3bf-b063-408e-be22-f73c6aa4f000,0.4037,InterestRate impact: -0.428|CreditScore impact: -0.361|MonthsEmployed impact: +0.353,-0.1233,-0.0011,-0.0123,-0.3612
756f7180-b8ac-49a9-9093-046ec4c7d2b3,0.4033,Age impact: +0.724|InterestRate impact: -0.523|MonthsEmployed impact: -0.273,0.7237,-0.0124,-0.0028,-0.0459
d3a3d512-b658-4899-8ffe-93ba46ebce9c,0.4469,Age impact: +0.558|InterestRate impact: -0.396|MonthsEmployed impact: -0.247,0.5581,0.0113,-0.0015,0.0274
1a73c09e-9083-40d6-b75f-94b9858fae93,0.406,Age impact: -0.402|InterestRate impact: -0.217|NumCreditLines impact: +0.154,-0.4022,0.0068,-0.0042,0.0518
6603277f-879b-4a13-9e63-c99c7f7e1014,0.5329,MonthsEmployed impact: +0.389|Age impact: -0.213|HasCoSigner_No impact: -0.147,-0.2128,0.0255,0.0115,-0.0545
7948a0cb-0c15-417f-a6a6-20444f57c61a,0.4641,MonthsEmployed impact: -0.585|Age impact: +0.574|CreditScore impact: +0.158,0.5738,0.0032,-0.0174,0.1582
2410110b-b5b7-4a5c-9c9a-9a9bc495fa64,0.2838,InterestRate impact: -0.653|MonthsEmployed impact: -0.378|NumCreditLines impact: +0.209,-0.1813,-0.0112,0.0501,0.0883
4b05adec-fe72-45ef-b409-e43b79b743e7,0.5317,InterestRate impact: +0.438|MonthsEmployed impact: -0.301|Age impact: +0.182,0.1816,-0.0089,-0.0046,0.0762
32270045-ac86-4b0d-933c-f91a72c4f70c,0.3494,Age impact: -0.575|InterestRate impact: +0.428|MonthsEmployed impact: -0.407,-0.5749,-0.0313,0.012,-0.0164
964518a8-06d3-47a2-b6ca-2a342d3ad65c,0.6578,InterestRate impact: +0.561|Age impact: -0.548|MonthsEmployed impact: +0.410,-0.5483,-0.0089,0.0017,0.0578
352c1768-4b99-4bd0-9db2-8d4dcccf8833,0.343,Age impact: -1.006|InterestRate impact: +0.385|LoanTerm impact: -0.246,-1.0062,-0.025,0.005,0.0801
22d921dd-1c11-491c-b9c1-ababd4e1eea2,0.2763,InterestRate impact: -0.529|MonthsEmployed impact: -0.250|Age impact: +0.199,0.199,-0.0177,0.0016,-0.048
8b6596a2-be09-48f2-8c6b-41766f23ca6c,0.5012,InterestRate impact: -0.493|Age impact: +0.430|HasCoSigner_No impact: -0.134,0.4299,-0.0042,0.0023,0.0356
e0cfe7c4-5f0a-4461-a6fd-7471261a5cca,0.7104,Age impact: +0.568|MonthsEmployed impact: -0.343|InterestRate impact: +0.230,0.5683,-0.0139,0.0316,0.1223
e6dea63b-e3fd-4c61-95c1-49a2b91c788c,0.4921,Age impact: -0.383|MonthsEmployed impact: +0.323|InterestRate impact: +0.185,-0.3833,-0.0207,0.0035,-0.1407
dba669cc-fb88-4f0b-9d6e-03c67ff3950b,0.45,InterestRate impact: +0.222|HasCoSigner_No impact: -0.134|HasDependents_No impact: -0.115,-0.0701,-0.0185,-0.0849,0.0883
d8bc446d-dcae-4a96-af2e-cb76acfd48c3,0.4455,Age impact: +0.761|MonthsEmployed impact: -0.403|InterestRate impact: -0.401,0.7606,-0.0143,0.0004,-0.1701
83d5ec1a-52d6-4824-a14a-5fc4ac8278b0,0.3233,MonthsEmployed impact: -0.487|Age impact: -0.215|HasDependents_No impact: -0.147,-0.2149,0.0015,-0.0001,0.141
2ebff1f8-34c1-43c2-aac5-275fb8a51f3a,0.3913,Age impact: -0.542|MonthsEmployed impact: +0.398|HasCoSigner_No impact: -0.195,-0.5421,-0.0121,-0.0476,-0.1193
f6804f49-483b-42a4-85e7-6a659109be88,0.6739,InterestRate impact: +0.536|MonthsEmployed impact: +0.379|Age impact: -0.161,-0.1612,-0.0344,0.0042,-0.1397
1d1d5ac8-1847-4052-a09b-95842e312a48,0.619,InterestRate impact: +0.576|Age impact: +0.516|MonthsEmployed impact: -0.370,0.5156,-0.0259,-0.016,-0.0979
0e595dca-7ab5-44c0-aead-364ac6e4af57,0.6197,MonthsEmployed impact: +0.431|HasCoSigner_No impact: +0.126|HasDependents_No impact: -0.119,-0.0539,-0.0511,0.0003,-0.0315
e180e7db-3968-49a8-aa69-abbb4f608791,0.3106,Age impact: -0.963|InterestRate impact: -0.466|MonthsEmployed impact: +0.402,-0.9627,-0.011,-0.0066,-0.0307
d6a8a8f2-d56b-47fd-af99-edb3db4aa0a9,0.3524,InterestRate impact: -0.628|MonthsEmployed impact: +0.318|NumCreditLines impact: +0.157,-0.1012,0.0058,0.0,-0.1422
7a3bc2b1-2098-4d8f-b923-0b1c990d6a21,0.1383,Age impact: -0.695|InterestRate impact: -0.423|MonthsEmployed impact: -0.350,-0.6951,-0.0377,0.0013,-0.0599
43998973-b82a-4b67-a658-a2f89fceae64,0.4957,InterestRate impact: -0.706|Age impact: +0.594|HasDependents_No impact: +0.141,0.5942,0.0049,-0.0025,0.1319
55899efe-2c91-4d80-a6e2-9e488afb6b31,0.8407,Age impact: +0.459|InterestRate impact: +0.431|MonthsEmployed impact: +0.283,0.4587,-0.0076,-0.0123,0.2498
e7b1212a-c9f1-4614-a4cd-0da53b695add,0.7154,Age impact: +0.766|InterestRate impact: +0.239|HasDependents_No impact: -0.122,0.7662,-0.0129,-0.006,-0.0293
3349393e-dcce-41a3-8fd2-b7c80cb023ca,0.1378,Age impact: -0.792|MonthsEmployed impact: -0.528|InterestRate impact: +0.237,-0.7921,-0.0982,-0.0064,-0.2045
3f44a469-c43e-4ef3-b98b-ffd5639beae9,0.6558,Age impact: +0.741|InterestRate impact: +0.400|MonthsEmployed impact: -0.195,0.741,-0.0087,-0.043,0.0824
1190b6b7-ef4d-44d8-80eb-ff0805e9f836,0.6696,Age impact: +0.690|InterestRate impact: +0.508|MonthsEmployed impact: -0.427,0.6895,-0.0165,0.0011,-0.165
3372fecc-7e55-44c8-a448-656fe0b32393,0.6409,Age impact: +0.568|MonthsEmployed impact: +0.434|InterestRate impact: -0.414,0.5683,-0.0115,-0.0022,-0.067
42ec9ef4-7798-462b-a304-3c28ccda37ce,0.6636,InterestRate impact: +0.515|MonthsEmployed impact: +0.340|CreditScore impact: -0.178,0.0766,-0.0082,0.0008,-0.1784
a4c04da1-ad22-433f-914d-84a0c4aec4ff,0.5565,MonthsEmployed impact: +0.358|HasDependents_No impact: +0.148|HasCoSigner_No impact: +0.147,-0.1242,-0.0075,0.0117,-0.1366
949f5450-be99-47cb-a1f7-6c58f086a153,0.6401,Age impact: +0.532|MonthsEmployed impact: +0.392|InterestRate impact: -0.353,0.5323,-0.0036,0.0069,-0.0427
6217dbfa-2bbe-4e1d-bb26-f8a6e9d196d0,0.3509,InterestRate impact: -0.406|MonthsEmployed impact: -0.368|NumCreditLines impact: +0.178,-0.0558,-0.0074,0.0837,0.0343
cf086deb-e208-41bd-a00e-97d1f0db5c71,0.5865,Age impact: +0.780|MonthsEmployed impact: -0.312|HasCoSigner_No impact: -0.142,0.7804,-0.1084,-0.0141,0.0374
550c6f13-9dad-4f48-82c8-81031d8d88ef,0.3828,Age impact: +0.178|CreditScore impact: -0.153|HasDependents_No impact: -0.128,0.1779,-0.0472,0.0016,-0.153
2e0e96c2-1293-4d4a-90eb-144f77e5b6f0,0.7306,Age impact: +0.773|MonthsEmployed impact: +0.162|HasDependents_No impact: +0.126,0.7727,-0.0097,0.0066,-0.057
a959f9e2-b197-4f73-8ecd-52448736134d,0.4978,Age impact: +0.547|MonthsEmployed impact: -0.291|HasCoSigner_No impact: -0.116,0.547,-0.0038,-0.0132,0.0312
23538531-90c3-4945-9de9-ebd741787f15,0.3848,InterestRate impact: -0.582|MonthsEmployed impact: -0.399|Age impact: +0.203,0.2033,0.0113,0.0321,0.0463
1b8467b4-fb43-4170-9376-63ee76dec3b7,0.2679,Age impact: -0.858|MonthsEmployed impact: -0.167|NumCreditLines impact: +0.130,-0.8581,-0.0071,-0.0083,-0.0349
df14d820-4224-4d4a-8e2c-73fb151f4d50,0.4977,Age impact: -0.332|InterestRate impact: +0.277|MonthsEmployed impact: -0.269,-0.3323,-0.0633,-0.0104,-0.0693
f2500442-6bac-4dc1-abc6-409af66d542e,0.6584,Age impact: +0.563|InterestRate impact: +0.514|MaritalStatus_Married impact: -0.147,0.5634,-0.0105,0.0008,-0.1004
8e82d66b-c3a7-439b-817a-82d697f96246,0.5237,InterestRate impact: +0.194|Age impact: +0.156|HasCoSigner_No impact: -0.146,0.1563,0.0268,-0.0013,0.0081
b0cf016f-bbf4-401f-9d30-fa0453a0bd4c,0.1254,Age impact: -0.741|InterestRate impact: -0.430|MonthsEmployed impact: -0.299,-0.7409,-0.0258,-0.0537,-0.1226
d8cdc813-ba21-444e-bf98-c6ba08a8a234,0.4937,MonthsEmployed impact: -0.374|Age impact: +0.242|InterestRate impact: +0.224,0.2424,-0.08,0.0284,0.0307
1a08de31-c00d-46b9-9f7e-2cdbad37ed87,0.3995,Age impact: -0.844|InterestRate impact: +0.612|MonthsEmployed impact: -0.438,-0.8441,-0.0015,-0.0066,0.022
4cdffdeb-bfc5-439e-a390-58393bc171f4,0.4122,Age impact: +0.539|InterestRate impact: -0.439|HasDependents_No impact: -0.155,0.5387,-0.0604,-0.0014,-0.0837
b2885fcc-e47e-4759-83ef-9ee1dc54b782,0.4166,MonthsEmployed impact: -0.562|InterestRate impact: +0.256|Age impact: +0.133,0.1333,-0.0001,-0.018,-0.0606
d516d640-cc64-49f5-8e8a-5b049e4a3884,0.1511,Age impact: -0.462|MonthsEmployed impact: -0.462|InterestRate impact: -0.443,-0.4623,-0.0729,0.0026,0.0092
56466153-f1dd-426a-aea2-145d7cb34850,0.6183,MonthsEmployed impact: +0.401|Age impact: +0.385|CreditScore impact: -0.262,0.3845,-0.01,-0.0042,-0.262
580edcf5-acb0-4e68-a229-0faf5123dc45,0.6087,InterestRate impact: +0.489|MonthsEmployed impact: +0.303|Age impact: +0.289,0.2891,-0.0008,-0.1097,-0.1142
e3e5b3c8-aad7-4790-a6df-3932c2feac4d,0.6625,MonthsEmployed impact: +0.420|Age impact: -0.176|HasCoSigner_No impact: +0.156,-0.1762,0.022,-0.0029,0.0721
28825f23-ed43-4c9a-b94c-63972e0a9c19,0.4992,MonthsEmployed impact: +0.390|InterestRate impact: -0.335|Age impact: +0.277,0.2772,-0.0082,0.0021,-0.1562
68dca090-f2a9-4a5e-a232-ba33e5a39132,0.3888,Age impact: -0.768|InterestRate impact: +0.449|MonthsEmployed impact: -0.155,-0.7681,0.0107,-0.002,0.0597
c6979951-1d0e-480e-9f88-c399b943343a,0.1929,Age impact: -0.808|InterestRate impact: -0.709|MonthsEmployed impact: +0.286,-0.8081,0.0453,-0.01,0.1067
15c248a4-335d-42af-9f7c-608d0d61f1e1,0.5227,Age impact: -0.523|InterestRate impact: +0.391|MonthsEmployed impact: +0.306,-0.5226,-0.0028,-0.026,-0.0718
dfebedc5-eb84-491c-be55-5aa00d1c2ef2,0.3975,Age impact: -0.462|MonthsEmployed impact: -0.265|InterestRate impact: +0.197,-0.4618,-0.0428,-0.0088,-0.0658
5f578b59-c208-4ae9-a4b1-730735c6bc10,0.3325,InterestRate impact: -0.723|Age impact: +0.202|HasDependents_No impact: -0.124,0.2015,-0.0116,-0.0008,-0.0503
67ff74ce-be1e-48ea-b005-21827c9a2d02,0.3586,Age impact: -0.225|MonthsEmployed impact: +0.149|HasDependents_No impact: -0.137,-0.2246,-0.0071,-0.0031,-0.0752
6e1e5ca1-9113-4c35-99a0-351bc1218015,0.7846,Age impact: +0.627|InterestRate impact: +0.480|NumCreditLines impact: +0.125,0.6269,-0.0223,-0.0009,0.0406
addf9c20-5f8e-4cf9-86d8-c242bc2ce0ae,0.5675,InterestRate impact: +0.580|MonthsEmployed impact: -0.237|HasDependents_No impact: -0.133,0.0388,0.0003,-0.0098,-0.0152
6d6c83ae-5f78-4a7f-bdf5-9d038b0f5341,0.6734,MonthsEmployed impact: +0.358|InterestRate impact: +0.238|CreditScore impact: -0.209,-0.0347,-0.0504,-0.0054,-0.2087
17fa480c-6c80-46e1-8032-565cf6722cbd,0.4914,Age impact: -0.698|InterestRate impact: +0.423|MonthsEmployed impact: +0.259,-0.6977,0.053,-0.0015,0.0672
6eaf417a-08aa-4ee8-8746-40b7a7d16182,0.5023,Age impact: -0.675|InterestRate impact: +0.390|MonthsEmployed impact: +0.294,-0.6752,-0.0532,-0.0075,-0.0114
0a23a0ec-3936-4c9c-b524-ee033eaa9344,0.2081,Age impact: -0.847|InterestRate impact: -0.385|CreditScore impact: -0.188,-0.8472,0.0258,-0.0065,-0.1882
4c904829-971c-4f26-bdd8-b495ffa46df5,0.7171,InterestRate impact: +0.518|Age impact: +0.365|MonthsEmployed impact: +0.345,0.3654,0.0077,-0.0047,-0.0357
f93635b4-e9c8-464c-9224-207cc9a93a2f,0.3526,MonthsEmployed impact: -0.485|InterestRate impact: -0.426|Age impact: +0.309,0.3089,-0.0509,-0.0177,0.1182
81aa7f4a-2ef6-4db6-afb0-101f057aca2c,0.4002,Age impact: -0.703|MonthsEmployed impact: +0.348|InterestRate impact: +0.220,-0.7025,-0.0297,-0.001,-0.1851
0062afab-1c02-4a9b-a686-3051c8f89723,0.512,Age impact: +0.756|InterestRate impact: -0.535|MonthsEmployed impact: +0.275,0.7559,-0.0115,-0.0053,-0.1049
6a4ce228-0b27-4355-9699-441661bda30e,0.1306,Age impact: -0.798|InterestRate impact: -0.508|MonthsEmployed impact: -0.378,-0.7985,-0.03,-0.0024,-0.1816
db02209d-e4ac-48fd-874d-08ee6b8b62fa,0.7615,Age impact: +0.846|MonthsEmployed impact: +0.168|InterestRate impact: +0.165,0.8458,-0.0351,-0.0128,-0.0483
72a93834-0611-4d84-b95e-d4dcfe4afe5d,0.6883,Age impact: +0.729|InterestRate impact: +0.550|MonthsEmployed impact: -0.384,0.729,-0.0103,-0.0182,0.1522
53cdf9c4-7350-4a52-aba3-3d677cdf6479,0.3798,Age impact: -0.361|HasDependents_No impact: -0.112|InterestRate impact: +0.094,-0.3607,-0.0339,-0.0017,-0.0684
f0992e90-2b84-4bca-b78a-8061a9a5d8c2,0.4007,Age impact: -0.882|InterestRate impact: +0.590|MonthsEmployed impact: -0.314,-0.8818,-0.0078,-0.0027,0.1906
f3a486ef-b3d4-4fb5-989b-a19e72292353,0.0971,Age impact: -1.196|InterestRate impact: -0.815|MonthsEmployed impact: -0.237,-1.1962,-0.0359,0.0094,0.0825
78ae2694-b115-479c-ad3d-488efb2e7330,0.3574,InterestRate impact: +0.515|Age impact: -0.331|MonthsEmployed impact: -0.323,-0.3313,-0.0367,-0.011,-0.1048
55b62eea-72d4-402d-b977-57d493cf87e4,0.487,InterestRate impact: -0.479|MonthsEmployed impact: +0.271|Age impact: +0.207,0.2066,0.0209,-0.0108,0.0862
7aed0a04-4708-40fb-8873-b4003d46d61e,0.2056,Age impact: -0.900|MonthsEmployed impact: -0.602|InterestRate impact: +0.191,-0.9003,0.0002,-0.007,-0.145
deb036f6-ba03-455c-8abb-67979630ef56,0.4003,Age impact: +0.315|MonthsEmployed impact: -0.252|InterestRate impact: -0.227,0.3151,-0.0489,-0.0022,-0.1072
bbe82826-7ffd-4cb3-8e8d-dd154abaacbd,0.6879,MonthsEmployed impact: +0.315|Age impact: +0.135|HasDependents_No impact: +0.134,0.1346,0.0154,0.0316,0.0083
822070e7-8241-4f38-89d9-28f9e88a14d0,0.6746,Age impact: +0.574|MonthsEmployed impact: +0.291|HasCoSigner_No impact: -0.120,0.5743,-0.0175,0.0043,-0.0562
b45ec54b-c3d8-42ce-9948-bc10cc6e7132,0.5299,InterestRate impact: +0.480|MonthsEmployed impact: +0.336|Age impact: -0.202,-0.2021,0.0104,0.0019,-0.0725
780b3503-1c93-4f2d-82c8-090a438ff292,0.5514,MonthsEmployed impact: +0.385|InterestRate impact: +0.278|Age impact: -0.138,-0.138,-0.0035,-0.0295,-0.0028
832c3d33-5aae-4baa-bece-40b5091c2da9,0.0868,Age impact: -0.955|InterestRate impact: -0.821|MonthsEmployed impact: -0.517,-0.9551,-0.0333,-0.0272,0.0957
51a483f4-0303-4484-bd14-bec6d47a5e2f,0.4104,InterestRate impact: -0.695|Age impact: +0.186|MonthsEmployed impact: +0.184,0.1859,0.0045,0.0078,-0.1485
d715a15b-0521-47f0-a3bc-87bbab2909ef,0.5025,Age impact: -0.791|InterestRate impact: +0.506|MonthsEmployed impact: +0.338,-0.7906,-0.0087,0.0107,-0.1493
236a37b9-e07b-4d52-9ccb-d9094c709fda,0.2572,InterestRate impact: -0.582|MonthsEmployed impact: -0.410|Age impact: +0.316,0.3155,-0.0535,0.0014,0.0839
684c841b-143b-404c-b43d-a4545fae02f5,0.3911,Age impact: +0.716|MonthsEmployed impact: -0.434|InterestRate impact: -0.196,0.7158,-0.0063,-0.0036,-0.0918
bd938309-fafa-42b0-b227-51361b36a39f,0.5824,MonthsEmployed impact: +0.395|HasCoSigner_No impact: -0.150|InterestRate impact: +0.132,-0.072,0.0706,0.0492,0.0299
1411b6b3-f627-45cc-9679-054bdf129f20,0.2059,InterestRate impact: -0.756|Age impact: -0.698|MonthsEmployed impact: +0.290,-0.6982,0.0054,0.0156,-0.1545
390d7cd3-f71f-4344-a62e-d94d88036922,0.3158,Age impact: -0.972|InterestRate impact: +0.455|MonthsEmployed impact: -0.389,-0.9718,0.0192,0.0046,0.1285
7589f044-246c-4703-b751-a2daadb2209e,0.137,Age impact: -0.867|InterestRate impact: -0.450|CreditScore impact: -0.149,-0.8671,0.0044,0.0033,-0.1494
bacfe537-b420-47e4-aff2-6fc5ae783b71,0.198,InterestRate impact: -0.447|CreditScore impact: -0.220|Age impact: -0.217,-0.2174,-0.001,-0.05,-0.2195
7c8f8733-04a3-418c-9848-8082be470ed7,0.4237,Age impact: -0.241|CreditScore impact: +0.164|MonthsEmployed impact: -0.157,-0.241,-0.0346,0.0004,0.1643
5e53fa72-dcdb-48d2-9bbb-494d941b5322,0.717,InterestRate impact: +0.379|Age impact: +0.165|HasCoSigner_No impact: +0.132,0.1654,-0.0027,0.001,0.0084
f3748c0f-b090-4bd7-80fc-fe8c475e86df,0.346,Age impact: -0.202|MonthsEmployed impact: -0.166|HasCoSigner_No impact: -0.117,-0.2023,0.0113,0.0011,0.0397
e34f2571-efeb-4c5c-8ecb-5726f59e55e9,0.4283,Age impact: -0.437|CreditScore impact: +0.173|HasCoSigner_No impact: -0.133,-0.4373,-0.0121,-0.0018,0.1735
4fe9d791-044b-446e-9ff5-4f6a2b39774f,0.544,Age impact: +0.178|MonthsEmployed impact: +0.169|HasDependents_No impact: -0.107,0.1784,0.0048,-0.0045,0.0595
7b47a42c-5aea-43b8-b5b7-0d95dcb80013,0.3395,InterestRate impact: -0.557|Age impact: -0.336|MonthsEmployed impact: +0.336,-0.3358,0.0074,0.0029,-0.0986
126f003c-3f26-4792-b101-2685c2e7d4be,0.2289,InterestRate impact: -0.488|MonthsEmployed impact: -0.457|Age impact: -0.190,-0.1899,-0.0026,-0.011,0.0443
966a58f9-0d8f-4c96-8ec7-595addd2cb3b,0.6481,MonthsEmployed impact: +0.153|NumCreditLines impact: +0.147|InterestRate impact: +0.129,0.1291,0.0369,-0.0029,0.0712
7c03aa56-70a5-4535-894e-af144ee8d6ce,0.5009,MonthsEmployed impact: +0.489|Age impact: -0.342|HasCoSigner_No impact: -0.152,-0.3421,0.0016,0.0042,-0.1128
ce317132-d17c-43ab-a07b-704bd56dc31a,0.4635,InterestRate impact: -0.361|Age impact: +0.205|NumCreditLines impact: +0.151,0.205,-0.0595,-0.0308,-0.0304
83376503-c467-436d-86f5-fa8c742221fe,0.2389,Age impact: -0.955|MonthsEmployed impact: -0.612|InterestRate impact: +0.500,-0.955,-0.0128,-0.0115,-0.1127
55759e76-8292-4fed-b00a-d073c71d30ad,0.5672,Age impact: +0.571|MonthsEmployed impact: -0.261|InterestRate impact: +0.157,0.5713,-0.0207,-0.0065,-0.0799
37f10daa-6beb-4403-9560-3273c3940399,0.2796,Age impact: -0.708|InterestRate impact: -0.401|MonthsEmployed impact: +0.137,-0.7081,0.0195,-0.0033,-0.0763
9b81f863-8c98-42e0-8e78-d266e4e0fbd7,0.2466,InterestRate impact: -0.699|MonthsEmployed impact: -0.320|NumCreditLines impact: +0.142,-0.031,-0.0072,-0.005,-0.046
18d538d5-ae42-4752-a247-0be4f5825572,0.1492,Age impact: -0.969|InterestRate impact: -0.670|HasDependents_No impact: -0.168,-0.9691,-0.0397,0.004,-0.0661
05836354-b60a-4656-a5c3-3adeb28927e1,0.5397,MonthsEmployed impact: +0.351|HasDependents_No impact: -0.134|CreditScore impact: -0.132,0.0103,-0.0533,0.002,-0.1322
f774ed41-9a84-40cd-9460-50949b39ad86,0.5811,Age impact: -0.631|InterestRate impact: +0.538|MonthsEmployed impact: +0.404,-0.631,-0.0258,-0.006,-0.1863
70a36153-c48e-475d-b020-6204794564ea,0.6739,InterestRate impact: +0.470|MonthsEmployed impact: +0.436|HasCoSigner_No impact: -0.147,0.0868,0.0079,0.0019,0.0039
59ca92e2-b804-43c5-91d3-70874dfb4e07,0.3836,Age impact: -1.063|InterestRate impact: +0.419|MonthsEmployed impact: +0.169,-1.0634,0.0332,0.0025,-0.1042
ba84c5b5-015a-44e3-a3ae-4a8ea59bf717,0.4332,Age impact: -0.516|MonthsEmployed impact: +0.296|NumCreditLines impact: -0.110,-0.5162,0.0036,0.0006,0.0452
f0012f84-a7a6-452c-8b70-534c0b5aa168,0.2839,Age impact: -0.831|InterestRate impact: -0.433|NumCreditLines impact: +0.145,-0.8308,-0.016,-0.0243,0.1141
bd56c74e-b253-47fb-b952-3adccefe4469,0.2865,InterestRate impact: -0.646|Age impact: +0.555|MonthsEmployed impact: -0.512,0.5555,0.0219,0.0001,-0.0561
398376d4-b6c8-49c3-b380-5194e8844e5a,0.2541,InterestRate impact: -0.676|MonthsEmployed impact: -0.402|Age impact: -0.147,-0.147,-0.0077,0.0044,-0.1252
42265e18-ae2c-408c-94f3-0c3ba3973343,0.1633,InterestRate impact: -0.661|MonthsEmployed impact: -0.363|Age impact: -0.172,-0.1718,-0.0107,0.0038,-0.1061
6e43ea96-bb08-4445-ae38-f95d240233a0,0.6101,MonthsEmployed impact: +0.358|InterestRate impact: -0.153|HasDependents_No impact: +0.130,0.0508,0.0313,-0.0038,-0.1185
e295b555-de51-4370-b695-976fc2b78e70,0.4754,InterestRate impact: +0.381|Age impact: -0.380|MonthsEmployed impact: -0.228,-0.3802,0.0197,-0.0013,-0.0379
146f0bd4-f167-413b-a697-95e6d882fdc3,0.2619,Age impact: -0.711|InterestRate impact: -0.429|MonthsEmployed impact: -0.302,-0.7107,0.0018,-0.0028,0.096
c89a53db-2a77-495c-8cde-0015cb145002,0.1584,Age impact: -0.673|MonthsEmployed impact: -0.488|InterestRate impact: -0.415,-0.6734,-0.0106,-0.0012,-0.1202
dad60f53-fee5-4ac7-ba05-b739863cbebb,0.2465,InterestRate impact: -0.402|MonthsEmployed impact: -0.371|CreditScore impact: -0.154,-0.1169,-0.0103,0.0119,-0.1544
693c9052-31db-4fbe-a57c-9caa01889f39,0.4526,Age impact: -0.876|MonthsEmployed impact: +0.529|InterestRate impact: +0.227,-0.8759,0.0144,-0.0174,0.0438
d0400769-b5c6-415d-98ba-85eb8eaffcdb,0.3004,Age impact: -0.684|InterestRate impact: -0.183|HasCoSigner_No impact: -0.122,-0.6842,-0.0435,0.0021,-0.0553
c56dc46c-9db7-4495-afae-eca85c47a4f6,0.8101,Age impact: +0.541|MonthsEmployed impact: +0.506|InterestRate impact: +0.266,0.5406,0.0032,-0.0149,0.0645
81872388-03cf-42aa-aa7b-38112c82a789,0.4924,MonthsEmployed impact: -0.509|Age impact: +0.376|InterestRate impact: +0.116,0.3762,-0.0068,0.0009,-0.0665
9990ea34-1965-4d2d-b5f1-c022ba99a148,0.7164,Age impact: +0.625|MonthsEmployed impact: +0.305|HasCoSigner_No impact: -0.118,0.625,-0.0156,-0.0079,0.0658
d0451672-d4f4-4182-80c0-27d5cc218d4b,0.114,Age impact: -1.140|InterestRate impact: -0.592|MonthsEmployed impact: -0.289,-1.1398,-0.1034,0.0036,-0.0022
9dfbadc2-3e48-48a2-a61c-9b076a12d557,0.2293,Age impact: -0.657|MonthsEmployed impact: -0.425|HasDependents_No impact: -0.120,-0.657,-0.0335,0.0102,0.1102
76c892ba-6784-40be-b8ec-b0c731c127ad,0.1606,Age impact: -0.736|InterestRate impact: -0.268|MaritalStatus_Married impact: -0.122,-0.736,-0.0131,0.0036,-0.0925
461991f4-43c4-4b51-b264-7cbf47a11f4c,0.5579,Age impact: +0.607|MonthsEmployed impact: -0.279|InterestRate impact: +0.252,0.6073,-0.0464,-0.0065,-0.1753
8179fe96-9082-4c28-9d25-c2a477de24ea,0.5701,InterestRate impact: +0.544|MonthsEmployed impact: -0.271|HasCoSigner_No impact: -0.141,-0.0802,0.0321,-0.0051,0.0448
b8c7982d-7609-402d-b8e0-566fdebb06c3,0.4208,Age impact: -0.678|InterestRate impact: +0.404|MonthsEmployed impact: +0.210,-0.678,0.0289,-0.0022,-0.1841
eb3a9307-c04c-470f-bb39-03ee1cc5ed8f,0.4012,Age impact: -0.328|InterestRate impact: +0.249|MonthsEmployed impact: -0.177,-0.3281,-0.0084,0.0026,0.0628
cab4197c-3ad3-4525-b9f2-8319adf4200a,0.5345,MonthsEmployed impact: -0.317|Age impact: +0.259|InterestRate impact: +0.158,0.2588,-0.0109,-0.0032,0.09
54de605d-d869-4ab8-a79e-448ee2780c97,0.2262,Age impact: -1.040|InterestRate impact: -0.570|MonthsEmployed impact: +0.148,-1.0396,-0.0142,0.0072,0.1013
f74e57c1-983e-4f4f-950b-7171fcf3c41c,0.4025,Age impact: +0.717|InterestRate impact: -0.499|MonthsEmployed impact: -0.399,0.7172,-0.0111,-0.0081,0.0944
6ae18d50-664e-4097-9d6c-60b898747b1b,0.2399,InterestRate impact: -0.516|MonthsEmployed impact: -0.488|Age impact: +0.175,0.1748,0.0024,-0.0035,0.0675
49ebfbc0-13ec-4409-9443-118417fc5ddc,0.6008,InterestRate impact: +0.552|Age impact: -0.350|MonthsEmployed impact: -0.165,-0.3498,-0.0068,-0.0053,0.1217
62868481-275c-4a59-ac3c-aecea0392912,0.6388,InterestRate impact: +0.605|MonthsEmployed impact: +0.303|Age impact: -0.282,-0.2823,-0.0141,-0.004,-0.1105
9f4a94c4-731b-4a84-b672-a8f28b502a5f,0.6414,InterestRate impact: +0.404|Age impact: +0.318|HasCoSigner_No impact: -0.113,0.3177,-0.0517,-0.0098,-0.0739
bd5ae6c5-672c-4062-a8cf-bd316b166302,0.5136,MonthsEmployed impact: -0.419|InterestRate impact: +0.399|NumCreditLines impact: +0.129,-0.126,0.0112,-0.0017,0.0001
6875f24c-f09a-41b1-93ed-c11801a00c30,0.5138,InterestRate impact: +0.588|MonthsEmployed impact: -0.204|HasCoSigner_No impact: -0.139,0.1005,0.0095,0.0016,-0.0676
7244c11d-ae25-4148-8eb1-be1634189fa4,0.7614,InterestRate impact: +0.591|Age impact: +0.550|CreditScore impact: +0.269,0.5501,-0.1044,0.0016,0.2688
5dad898d-6987-423e-a95d-191425b18301,0.5568,Age impact: +0.601|MonthsEmployed impact: -0.155|HasDependents_No impact: -0.112,0.6007,-0.0276,-0.0015,-0.0841
88fe8e5d-d6bf-4fdd-a4c0-8c20a13856bf,0.5089,InterestRate impact: +0.400|Age impact: -0.339|MonthsEmployed impact: -0.253,-0.339,-0.0456,-0.0,-0.0487
03bd0ac3-c6f3-40d7-aed5-4113a70adc29,0.3677,Age impact: -0.208|MonthsEmployed impact: -0.182|InterestRate impact: -0.176,-0.2078,-0.0068,0.011,-0.0322
992117c2-06a3-4637-84d2-3389b57a2abc,0.5528,Age impact: -0.810|InterestRate impact: +0.542|MonthsEmployed impact: +0.408,-0.8096,-0.0047,-0.005,0.03
da16f1f4-373d-45fa-bdc3-5a5dae235681,0.2462,InterestRate impact: -0.621|Age impact: -0.509|CreditScore impact: -0.173,-0.5095,-0.0113,0.0368,-0.1732
6f961c58-458f-43c1-bff0-da7b68933f23,0.1289,Age impact: -1.054|InterestRate impact: -0.674|MonthsEmployed impact: -0.486,-1.0538,0.0625,-0.0032,0.108
0723d183-fb9c-49a5-b1a6-ccdc1b5ade9c,0.4398,Age impact: +0.599|InterestRate impact: -0.506|MonthsEmployed impact: -0.373,0.5986,0.0019,-0.0018,-0.0153
5142e0ae-efa9-4d26-8d25-19703e63af1e,0.2851,MonthsEmployed impact: -0.594|Age impact: -0.187|HasDependents_No impact: -0.161,-0.1873,-0.0402,-0.0284,-0.0778
ffe55871-a531-48d2-abb8-6f1c68e4466c,0.2228,InterestRate impact: -0.692|MonthsEmployed impact: -0.282|HasCoSigner_No impact: -0.138,-0.1217,0.0174,0.0191,-0.0902
5dd3b958-f6a2-4410-bb10-3cf01e91193b,0.236,Age impact: -0.742|MonthsEmployed impact: -0.353|NumCreditLines impact: -0.105,-0.7417,0.0186,-0.0066,0.0707
d3f4ec89-2a15-4edf-a8fa-db40418ed4e2,0.5454,Age impact: +0.814|InterestRate impact: -0.704|MonthsEmployed impact: +0.281,0.8144,-0.0374,0.01,0.1038
c3fc98fb-bfe9-4d94-8530-cb0175626212,0.7729,Age impact: +0.746|MonthsEmployed impact: +0.317|InterestRate impact: +0.186,0.7463,-0.0126,0.004,0.1433
3904371f-0f02-411e-a796-5bf5fdffddf8,0.6952,InterestRate impact: +0.329|Age impact: +0.193|NumCreditLines impact: +0.131,0.1931,-0.0455,-0.0066,0.0112
cb085c4f-8536-4bc6-89f4-e032fde43674,0.3107,InterestRate impact: -0.511|MonthsEmployed impact: -0.379|HasCoSigner_No impact: +0.159,-0.1375,0.0434,-0.0038,0.0025
6f741c17-1ab5-4ae0-ab62-861a09c7ae35,0.5328,InterestRate impact: +0.233|Age impact: -0.228|HasDependents_No impact: -0.112,-0.2281,0.0034,0.0,-0.0143
da6b0800-3cab-4f72-8967-5210c05d380a,0.2744,Age impact: -0.624|MonthsEmployed impact: -0.459|InterestRate impact: -0.178,-0.6236,-0.0054,-0.0282,0.0818
d7f106c3-74bd-4d53-96a1-3d48df9134fe,0.6202,Age impact: +0.505|MonthsEmployed impact: -0.271|HasDependents_No impact: +0.130,0.5052,0.0195,-0.0047,-0.0128
331e05fe-754d-484f-bdc4-fd10a9fdd545,0.2326,InterestRate impact: -0.796|Age impact: -0.752|MonthsEmployed impact: +0.421,-0.7518,-0.0013,0.0094,-0.0587
24130e52-40ca-44bb-880b-18eb2783efb7,0.4944,MonthsEmployed impact: -0.275|Age impact: +0.220|CreditScore impact: -0.155,0.2201,-0.0297,0.0004,-0.1551
6460f18f-2575-480e-8f4c-758a290c5151,0.5787,Age impact: +0.509|MonthsEmployed impact: -0.133|HasCoSigner_No impact: -0.115,0.5091,-0.007,0.0019,-0.0729
