id,full_name,email,age,income,loan_amount,credit_score,months_employed,num_credit_lines,interest_rate,loan_term,dti_ratio,education,employment_type,marital_status,has_mortgage,has_dependents,loan_purpose,has_cosigner
b450806a-29a7-45e4-b146-5c8fcb8027bc,Borrower_b450806a,user_b450806a@example.com,55,34114.56,19470.39,581,113,2,23.54,36,0.2694,High School,Full-time,Single,True,True,Education,False
bfba11ae-34b2-4911-86b6-f52e01633974,Borrower_bfba11ae,user_bfba11ae@example.com,56,145461.39,129744.95,641,54,1,15.19,12,0.4327,Bachelor's,Full-time,Divorced,True,True,Auto,True
e64bfc54-103f-48f6-ba2b-d7e9633e35d4,Borrower_e64bfc54,user_e64bfc54@example.com,26,107927.04,110439.45,569,105,3,18.02,12,0.2866,Bachelor's,Full-time,Married,True,True,Auto,True
ac3712ef-3a13-4272-8ddd-51957a08cf41,Borrower_ac3712ef,user_ac3712ef@example.com,26,72779.43,161507.93,326,118,1,14.71,24,0.3817,Bachelor's,Full-time,Single,False,False,Home,True
8dd030b2-8b74-4ec1-832a-79f005425276,Borrower_8dd030b2,user_8dd030b2@example.com,24,94870.62,133531.62,662,102,3,15.02,60,0.2283,Bachelor's,Full-time,Single,False,True,Business,True
cd682187-9e14-4be7-b001-1c3f5bb0d995,Borrower_cd682187,user_cd682187@example.com,41,149999.0,114519.09,680,20,4,14.88,36,0.3524,PhD,Full-time,Divorced,True,False,Education,False
f38b7f51-81b3-4a26-8432-0426b8d6d438,Borrower_f38b7f51,user_f38b7f51@example.com,66,60000.0,34312.35,371,86,4,13.35,60,0.6148,Bachelor's,Full-time,Married,False,False,Business,True
7a9c5b69-54ae-4514-89c5-ae02d40d515c,Borrower_7a9c5b69,user_7a9c5b69@example.com,34,100123.19,80664.26,518,86,4,2.21,12,0.3128,Bachelor's,Part-time,Single,False,True,Education,True
4d2b0d82-db9f-4c5a-9695-bbf0a93fabaa,Borrower_4d2b0d82,user_4d2b0d82@example.com,67,44281.74,86923.89,542,24,2,10.17,36,0.3966,Master's,Self-employed,Single,False,True,Home,False
ee5f1f39-244a-4b66-9287-afa7b64abcb3,Borrower_ee5f1f39,user_ee5f1f39@example.com,41,74138.43,144981.28,363,39,3,12.88,36,0.3732,High School,Part-time,Single,True,True,Home,True
1ccfb23d-e420-471c-8264-4305ce823970,Borrower_1ccfb23d,user_1ccfb23d@example.com,37,52899.39,39036.6,755,57,3,21.02,12,0.4593,Bachelor's,Full-time,Married,True,False,Auto,True
d6b0bf1b-2ed6-430f-80bc-6e90ff7d1c46,Borrower_d6b0bf1b,user_d6b0bf1b@example.com,48,60000.0,45794.39,467,24,4,24.69,12,0.3245,High School,Self-employed,Single,False,False,Other,False
0bed0ff2-9649-4226-82d2-2ea9d6a442ea,Borrower_0bed0ff2,user_0bed0ff2@example.com,23,65071.19,86550.58,305,24,3,13.06,60,0.2077,Bachelor's,Self-employed,Single,False,True,Home,True
8ef53d4e-c989-400b-9dd6-13a48e2b8b78,Borrower_8ef53d4e,user_8ef53d4e@example.com,21,68340.68,147497.87,477,89,3,5.13,12,0.2548,High School,Full-time,Single,True,True,Home,False
529a9074-a0e8-4aac-97e0-7c3b164c6ad3,Borrower_529a9074,user_529a9074@example.com,19,58449.89,77008.63,813,50,1,6.87,24,0.2359,Bachelor's,Full-time,Single,False,False,Auto,True
902887d4-a443-4012-85a9-167a00d78ea5,Borrower_902887d4,user_902887d4@example.com,53,43458.19,37912.4,634,84,2,11.85,24,0.5101,High School,Full-time,Married,False,True,Other,False
3fe01c1b-7988-4232-af1f-f7262e36d8b1,Borrower_3fe01c1b,user_3fe01c1b@example.com,56,77239.13,78620.52,467,89,1,12.27,60,0.1959,Bachelor's,Unemployed,Single,False,True,Education,False
417f4317-747b-42a8-ac62-eefd0b23039e,Borrower_417f4317,user_417f4317@example.com,27,66990.98,126048.91,582,6,4,18.21,60,0.3486,Master's,Full-time,Married,False,True,Home,True
b8799d79-380f-4599-96e7-f74b847668ed,Borrower_b8799d79,user_b8799d79@example.com,61,149999.0,213762.42,820,117,3,4.38,24,0.317,Bachelor's,Part-time,Single,True,True,Home,True
c87b1d5a-2c42-4c3c-8476-8fc735918955,Borrower_c87b1d5a,user_c87b1d5a@example.com,49,117596.95,145766.1,763,77,1,21.6,36,0.3541,Bachelor's,Self-employed,Married,False,False,Auto,False
e85e5c3b-4a65-4e8f-86cb-5ea0af7e27c6,Borrower_e85e5c3b,user_e85e5c3b@example.com,42,99714.02,198767.26,574,24,3,15.25,48,0.2068,Bachelor's,Full-time,Divorced,False,False,Home,False
ae25b35f-913f-41aa-8467-b1c88b2e802a,Borrower_ae25b35f,user_ae25b35f@example.com,42,41386.59,90116.24,348,5,2,19.07,48,0.3619,High School,Full-time,Single,False,False,Business,True
c8e8fce0-f5ac-4452-ada8-14419c63e7d5,Borrower_c8e8fce0,user_c8e8fce0@example.com,22,141000.5,143831.28,680,88,4,20.1,24,0.4345,Bachelor's,Self-employed,Divorced,False,False,Auto,False
26c96456-acec-4ab7-9953-53a849428888,Borrower_26c96456,user_26c96456@example.com,46,51640.02,50923.08,680,57,1,9.59,60,0.3139,Bachelor's,Full-time,Single,False,False,Business,True
f67306be-a8ab-4858-a72a-407679949ca2,Borrower_f67306be,user_f67306be@example.com,52,60283.45,76694.68,356,63,4,21.33,12,0.381,Bachelor's,Full-time,Single,True,False,Auto,True
c47d9c36-6610-4338-a9dd-b6a5b1f1cde5,Borrower_c47d9c36,user_c47d9c36@example.com,23,44537.82,41421.87,845,58,4,18.95,48,0.2059,High School,Full-time,Married,False,False,Auto,False
bcd66528-7f20-4055-bc36-d42b195c7bae,Borrower_bcd66528,user_bcd66528@example.com,64,76369.02,88703.49,301,24,3,2.4,36,0.4435,Bachelor's,Self-employed,Single,False,False,Auto,False
b13ce90e-8b92-417f-8e43-972fa0b74245,Borrower_b13ce90e,user_b13ce90e@example.com,36,128575.82,218325.74,383,24,2,15.45,60,0.4136,Bachelor's,Full-time,Married,True,False,Home,True
40d599c8-bc12-4777-b4d9-4e1a8d879f84,Borrower_40d599c8,user_40d599c8@example.com,19,59969.13,59765.83,680,8,2,7.2,24,0.2971,High School,Self-employed,Married,False,True,Auto,False
45626fe9-07f5-49d3-9335-d3262d3b74be,Borrower_45626fe9,user_45626fe9@example.com,59,124990.58,120326.74,505,107,1,21.83,36,0.2962,High School,Part-time,Divorced,False,True,Auto,True
e7f961da-f144-453c-8d3a-8f425a9456ee,Borrower_e7f961da,user_e7f961da@example.com,38,52582.91,59861.45,568,61,4,15.74,36,0.3707,PhD,Self-employed,Single,True,False,Other,True
628b75b2-8801-4fc8-8341-914005f43ae7,Borrower_628b75b2,user_628b75b2@example.com,43,15000.0,17892.43,574,49,4,2.63,24,0.2998,Bachelor's,Unemployed,Divorced,True,True,Auto,True
b42b3f4c-fdb6-423f-b463-e9036599ad46,Borrower_b42b3f4c,user_b42b3f4c@example.com,43,29854.93,22164.73,466,14,1,21.13,36,0.3015,Bachelor's,Full-time,Married,True,True,Auto,True
17df3e66-44df-484a-af7f-cdc9a98471d9,Borrower_17df3e66,user_17df3e66@example.com,62,66570.46,57607.68,350,110,4,9.85,60,0.2636,PhD,Full-time,Divorced,False,True,Business,False
071e27a3-1ccb-4907-af67-9539fd62e7fa,Borrower_071e27a3,user_071e27a3@example.com,40,32460.64,14614.36,762,61,4,11.57,48,0.3692,High School,Part-time,Single,True,False,Other,False
3311ff20-2cf1-4d2f-8c01-904e652efa28,Borrower_3311ff20,user_3311ff20@example.com,41,36049.19,51018.68,370,101,2,8.46,60,0.3326,High School,Full-time,Married,False,False,Auto,False
fd5bd290-8707-45f6-8014-0688d06769aa,Borrower_fd5bd290,user_fd5bd290@example.com,30,149999.0,91155.06,592,114,1,6.59,36,0.2393,Bachelor's,Part-time,Married,False,False,Other,False
42638939-0fcd-4449-b652-c2edd4d0211e,Borrower_42638939,user_42638939@example.com,33,149999.0,201936.68,492,11,2,2.58,60,0.4877,Master's,Part-time,Married,True,False,Business,False
b39130c5-379b-42e6-9827-508b29fc15dd,Borrower_b39130c5,user_b39130c5@example.com,50,59383.62,64868.03,522,24,3,13.96,60,0.4111,Bachelor's,Self-employed,Divorced,True,True,Business,False
1c92bd7b-09b7-4d13-95c4-48084d4056da,Borrower_1c92bd7b,user_1c92bd7b@example.com,67,149999.0,249999.0,606,95,2,15.03,48,0.1613,Bachelor's,Full-time,Single,False,True,Home,False
b8baa1d3-82fb-4a47-8161-6b01a0abaa72,Borrower_b8baa1d3,user_b8baa1d3@example.com,37,149999.0,191974.37,502,36,3,19.36,60,0.2068,Bachelor's,Full-time,Single,False,True,Home,True
13caf036-5e3f-4fe3-8215-5224f75cf731,Borrower_13caf036,user_13caf036@example.com,65,149999.0,249999.0,817,46,1,21.81,24,0.188,High School,Part-time,Divorced,True,False,Home,False
9c5bff81-23f1-4344-98eb-7a44197560a2,Borrower_9c5bff81,user_9c5bff81@example.com,54,47916.37,99514.23,363,85,1,9.2,12,0.1892,Bachelor's,Full-time,Single,True,False,Home,False
a1c1b702-1a5c-4111-8055-1dbcee7de88a,Borrower_a1c1b702,user_a1c1b702@example.com,30,78978.4,101895.15,531,82,2,2.92,36,0.164,PhD,Full-time,Married,True,True,Auto,True
f3940f06-b031-4a30-b548-1294962849cc,Borrower_f3940f06,user_f3940f06@example.com,33,91974.41,65336.21,811,104,4,8.24,60,0.6656,Bachelor's,Full-time,Married,False,True,Business,True
07cf2eed-552f-4b95-a1cc-b2498bb89015,Borrower_07cf2eed,user_07cf2eed@example.com,50,78562.9,115511.63,629,110,1,20.85,24,0.3211,Bachelor's,Full-time,Divorced,True,True,Home,False
cd6395ac-3b00-4d02-acc8-c0cf30bff1cf,Borrower_cd6395ac,user_cd6395ac@example.com,34,26974.97,26691.77,525,2,4,6.71,36,0.3312,Bachelor's,Full-time,Divorced,False,False,Auto,True
e281de90-e0eb-4765-8d4e-2cd8332ad161,Borrower_e281de90,user_e281de90@example.com,42,72610.93,69004.45,718,5,4,18.76,36,0.405,High School,Full-time,Divorced,False,False,Auto,True
9707718e-1569-45b0-a7c1-ff1e387dd2f0,Borrower_9707718e,user_9707718e@example.com,66,53000.51,61890.29,680,9,1,17.39,60,0.2184,Bachelor's,Full-time,Divorced,False,True,Auto,False
1a44d861-40de-424f-a875-4a71a2550747,Borrower_1a44d861,user_1a44d861@example.com,69,149999.0,162993.93,759,65,1,7.75,36,0.4122,Bachelor's,Part-time,Divorced,True,True,Auto,False
39037e6d-8a2e-4536-8d9a-111c88fa3789,Borrower_39037e6d,user_39037e6d@example.com,27,67530.0,105382.91,342,28,4,3.79,12,0.4457,PhD,Full-time,Divorced,False,True,Home,False
c80fd4e8-24c2-4ab5-b278-e96ba29c02e9,Borrower_c80fd4e8,user_c80fd4e8@example.com,35,62853.04,35506.86,564,24,3,2.91,48,0.3169,High School,Full-time,Divorced,True,True,Education,True
d2560f9a-c4ac-4ff0-96a2-dcb368e7d536,Borrower_d2560f9a,user_d2560f9a@example.com,50,149999.0,170344.72,514,85,3,2.79,12,0.3303,Master's,Full-time,Married,True,False,Education,False
997db87d-bfe4-4a7e-bae0-2212e8e6a1d9,Borrower_997db87d,user_997db87d@example.com,66,21329.0,30437.55,694,94,4,22.12,60,0.341,Bachelor's,Part-time,Married,False,False,Auto,True
dc5323a0-d6c9-4ccc-8efd-773f6577dc27,Borrower_dc5323a0,user_dc5323a0@example.com,66,92326.14,111736.22,844,66,4,6.17,60,0.4201,Bachelor's,Full-time,Single,True,True,Business,False
1271f932-94ea-48a9-b9b1-51346b2f8c6c,Borrower_1271f932,user_1271f932@example.com,38,51075.96,88372.42,310,24,1,6.68,60,0.3167,Bachelor's,Self-employed,Divorced,False,False,Home,False
4b77e2a4-b8cb-4ac4-bbe6-761d9e07aa8f,Borrower_4b77e2a4,user_4b77e2a4@example.com,51,28361.86,29803.91,729,58,2,17.68,12,0.4346,Bachelor's,Full-time,Single,False,True,Other,False
fd0fd810-daae-4950-9fcc-e44add444b17,Borrower_fd0fd810,user_fd0fd810@example.com,43,149999.0,170387.04,567,6,1,14.55,36,0.234,Master's,Full-time,Married,False,True,Business,True
7d84aee7-9759-40b3-9733-e8a88b1401ea,Borrower_7d84aee7,user_7d84aee7@example.com,18,132888.0,134080.58,304,83,3,21.99,36,0.2168,Master's,Full-time,Single,False,True,Other,True
7950ee8e-734d-40fd-a721-eca5de1b0a07,Borrower_7950ee8e,user_7950ee8e@example.com,47,64351.46,50725.26,680,24,1,5.31,12,0.4029,Bachelor's,Full-time,Married,True,True,Other,False
aa93f62c-1ed9-4d21-a1e9-027153e29357,Borrower_aa93f62c,user_aa93f62c@example.com,27,31634.24,39748.85,680,3,3,17.98,24,0.3219,Bachelor's,Full-time,Single,True,False,Business,False
e1aeeca6-1f60-46b1-9c55-9c30578f9db9,Borrower_e1aeeca6,user_e1aeeca6@example.com,67,70309.48,84074.93,680,29,3,4.05,60,0.3228,Master's,Full-time,Single,False,False,Auto,False
99a5f26d-112d-46a6-a8b2-9b31b2806b08,Borrower_99a5f26d,user_99a5f26d@example.com,61,33045.93,24115.46,847,79,1,12.93,36,0.228,High School,Part-time,Single,True,False,Auto,False
66394b80-9962-4c6a-a8b4-a9c09697e4e1,Borrower_66394b80,user_66394b80@example.com,45,82227.51,132916.45,839,73,4,14.61,36,0.4179,Bachelor's,Self-employed,Married,True,False,Home,True
2dce659b-6569-40b2-919d-48dea7a9af16,Borrower_2dce659b,user_2dce659b@example.com,18,60000.0,77189.36,686,77,1,2.49,36,0.3503,Bachelor's,Part-time,Single,False,False,Auto,False
f92b52a8-b708-49c9-a140-c3bcad9b6b89,Borrower_f92b52a8,user_f92b52a8@example.com,37,67991.87,99736.02,333,39,2,21.88,24,0.1936,Bachelor's,Full-time,Married,False,True,Home,False
5d6fb01d-fdc0-45be-a8a2-ac794f4e2bcf,Borrower_5d6fb01d,user_5d6fb01d@example.com,56,34927.83,65226.18,358,43,1,12.25,24,0.4816,Bachelor's,Full-time,Divorced,False,True,Home,True
9ace6d9b-c4b4-436a-99f1-2074df693353,Borrower_9ace6d9b,user_9ace6d9b@example.com,57,15000.0,12136.48,653,99,4,22.94,48,0.3272,Bachelor's,Part-time,Married,True,True,Auto,True
4e7da506-57e1-4a31-950c-e16714a96d1d,Borrower_4e7da506,user_4e7da506@example.com,31,149999.0,135085.53,680,38,2,24.66,60,0.2853,High School,Full-time,Single,False,True,Education,True
147add41-1922-42e6-840a-284d1608c0ae,Borrower_147add41,user_147add41@example.com,45,39097.34,51254.58,680,101,2,13.07,12,0.2415,Bachelor's,Self-employed,Single,True,True,Home,True
af77cc4c-a6b9-48d2-83e5-e6e0b1dc2330,Borrower_af77cc4c,user_af77cc4c@example.com,25,136404.59,159797.63,831,82,1,10.65,36,0.3043,Bachelor's,Self-employed,Married,False,True,Auto,True
2d3c0061-dbf3-4288-b1a7-012ba84cc197,Borrower_2d3c0061,user_2d3c0061@example.com,65,61187.64,75701.12,575,93,2,8.57,48,0.4332,Bachelor's,Part-time,Single,False,False,Other,True
f228642f-44c6-4de4-ba71-40400137e550,Borrower_f228642f,user_f228642f@example.com,54,78427.57,65241.14,436,50,1,18.79,24,0.4201,High School,Full-time,Single,True,True,Other,True
6d11d3e3-1ee8-41c4-8758-187bbd967175,Borrower_6d11d3e3,user_6d11d3e3@example.com,33,60000.0,87544.36,345,98,1,22.42,60,0.1687,Bachelor's,Full-time,Married,True,False,Business,True
0a3f4750-02be-47b1-8689-35caf4f441ba,Borrower_0a3f4750,user_0a3f4750@example.com,21,60000.0,115454.89,455,44,2,13.12,12,0.4157,PhD,Full-time,Single,False,False,Home,False
1f92aefe-a989-416d-8ec1-347a767cdcb1,Borrower_1f92aefe,user_1f92aefe@example.com,55,31352.1,31333.02,369,72,2,3.16,36,0.2988,Bachelor's,Full-time,Divorced,False,False,Auto,True
e420f694-416b-4a5e-a9a7-87eddf84cce8,Borrower_e420f694,user_e420f694@example.com,26,64417.97,103882.7,709,55,3,21.66,24,0.505,High School,Self-employed,Divorced,False,False,Business,False
d80172ed-f3eb-4445-8eb8-c55c617d3a3e,Borrower_d80172ed,user_d80172ed@example.com,19,116833.8,249999.0,460,98,3,6.48,24,0.1695,Bachelor's,Full-time,Single,True,True,Home,True
197d4eb0-9ab1-4783-9e65-f9d665e13aeb,Borrower_197d4eb0,user_197d4eb0@example.com,23,71604.21,109685.18,403,70,3,22.92,24,0.3644,High School,Part-time,Single,False,True,Home,False
1b61dda2-311f-409d-ad5b-5dfaa9258384,Borrower_1b61dda2,user_1b61dda2@example.com,43,19731.95,17272.21,494,82,1,15.21,24,0.1843,High School,Full-time,Divorced,True,True,Education,False
58c87731-9f6a-49f2-a779-a93eb93ede5e,Borrower_58c87731,user_58c87731@example.com,21,38390.89,39419.56,348,87,3,4.22,48,0.3972,Bachelor's,Full-time,Married,True,False,Auto,True
ba9a29ad-d117-4a4e-892d-fa12627e36c0,Borrower_ba9a29ad,user_ba9a29ad@example.com,54,45924.03,38369.24,653,24,1,14.09,48,0.1605,Bachelor's,Self-employed,Single,True,True,Education,False
20044563-8ecd-4042-8d83-fc718e809c5e,Borrower_20044563,user_20044563@example.com,68,116593.06,96366.12,808,105,3,9.28,48,0.2922,Bachelor's,Full-time,Single,False,False,Auto,False
c660863c-bc0b-4360-b98c-4d23dadb6bf7,Borrower_c660863c,user_c660863c@example.com,37,24923.38,18982.69,346,77,3,17.56,36,0.3209,Bachelor's,Full-time,Married,False,False,Other,False
4d7249a0-1749-461c-a566-13362b30251d,Borrower_4d7249a0,user_4d7249a0@example.com,54,37443.98,33349.96,771,3,1,17.91,12,0.376,Bachelor's,Full-time,Married,False,False,Education,True
b2f05e6a-a074-4dc8-a243-5a9af9a778ea,Borrower_b2f05e6a,user_b2f05e6a@example.com,63,149999.0,123385.59,739,24,4,15.91,24,0.1556,Bachelor's,Self-employed,Married,True,True,Auto,False
55c04c7f-590c-40d5-bbe6-8e1a5543706c,Borrower_55c04c7f,user_55c04c7f@example.com,26,89622.17,106708.19,677,52,2,5.32,36,0.3847,Bachelor's,Full-time,Divorced,False,False,Auto,True
5190001c-2001-44eb-825b-117781e63ee2,Borrower_5190001c,user_5190001c@example.com,32,61224.41,54073.88,602,20,3,3.72,60,0.2322,Bachelor's,Full-time,Married,True,True,Auto,False
fdf369bf-d275-47eb-91cf-c623bad64a0d,Borrower_fdf369bf,user_fdf369bf@example.com,37,72513.32,38312.88,550,49,2,2.93,36,0.2147,Bachelor's,Self-employed,Divorced,True,True,Other,True
6481f71b-f2d3-4e88-b3ee-6427092fefb2,Borrower_6481f71b,user_6481f71b@example.com,33,61568.04,50167.96,673,28,3,14.32,48,0.2808,Bachelor's,Full-time,Married,False,True,Education,True
9c0fef9b-f533-4964-bdd0-9b89ee144ac6,Borrower_9c0fef9b,user_9c0fef9b@example.com,67,30904.7,21987.28,675,83,4,17.27,24,0.3161,Master's,Full-time,Single,True,True,Education,False
453cca20-600e-4675-b802-def5e1401095,Borrower_453cca20,user_453cca20@example.com,51,30684.66,67833.8,655,24,4,10.31,48,0.3121,High School,Self-employed,Single,True,False,Home,False
cabe0e00-041a-44db-9c51-c2bf808f0303,Borrower_cabe0e00,user_cabe0e00@example.com,33,42359.82,44595.59,339,9,1,3.3,12,0.2806,Master's,Unemployed,Married,False,True,Business,True
0070a745-f7b7-436a-b664-d302622c18d3,Borrower_0070a745,user_0070a745@example.com,59,87189.89,77808.46,626,115,3,10.98,36,0.3582,Bachelor's,Full-time,Divorced,False,True,Education,True
896472ce-3210-48a5-b814-ca2bc815a73b,Borrower_896472ce,user_896472ce@example.com,45,149999.0,222249.23,735,94,1,6.76,12,0.4298,Bachelor's,Full-time,Divorced,True,True,Business,True
89875bbe-d539-40b3-909c-e025dd9a66b8,Borrower_89875bbe,user_89875bbe@example.com,24,32365.0,35890.37,726,71,3,22.64,36,0.3134,Bachelor's,Full-time,Divorced,False,True,Auto,True
21eeb697-045b-4d98-815b-8b4aa34acdd5,Borrower_21eeb697,user_21eeb697@example.com,35,81218.4,55672.72,680,63,1,14.68,36,0.3808,Bachelor's,Full-time,Married,True,False,Education,True
2ac4be09-6e00-4358-866a-246df16c76ae,Borrower_2ac4be09,user_2ac4be09@example.com,24,149999.0,198784.64,370,53,1,24.44,48,0.3617,Bachelor's,Self-employed,Married,False,False,Business,True
d45fa96b-a5be-4e2b-9732-494c63f1fb1f,Borrower_d45fa96b,user_d45fa96b@example.com,37,60000.0,54534.58,320,94,3,11.4,12,0.331,Bachelor's,Full-time,Divorced,False,True,Auto,True
1be6117f-6452-49ef-b3e6-76525558b95e,Borrower_1be6117f,user_1be6117f@example.com,59,60000.0,159040.12,741,86,1,3.62,36,0.349,Bachelor's,Full-time,Single,True,True,Auto,True
f7a11d82-9734-4536-a1f6-63fdd51ea36f,Borrower_f7a11d82,user_f7a11d82@example.com,26,89190.48,51616.0,605,61,2,4.55,36,0.3996,High School,Full-time,Divorced,False,True,Auto,False
620ad6ae-8766-4ae8-9544-619926b93b42,Borrower_620ad6ae,user_620ad6ae@example.com,63,40143.49,50339.38,622,24,1,10.82,60,0.2436,Bachelor's,Full-time,Married,False,False,Business,False
c850ade6-d756-4445-9d77-a0f3000f211a,Borrower_c850ade6,user_c850ade6@example.com,24,48266.64,47884.05,358,95,2,12.82,60,0.2564,Bachelor's,Part-time,Single,False,True,Auto,False
2b1db34c-5158-44a9-beae-d9a64fe2d894,Borrower_2b1db34c,user_2b1db34c@example.com,35,109431.01,151000.29,352,24,3,24.15,48,0.2489,High School,Self-employed,Divorced,False,True,Business,True
3cb1ad98-7ae6-4320-99dd-9f2416b3e2a7,Borrower_3cb1ad98,user_3cb1ad98@example.com,53,50022.74,84669.48,556,119,3,5.16,60,0.4219,Bachelor's,Full-time,Divorced,True,False,Home,False
7e6be586-c8c5-4baf-9e9b-6d00faea279b,Borrower_7e6be586,user_7e6be586@example.com,27,60000.0,129994.7,667,7,4,11.02,60,0.3907,Master's,Full-time,Single,False,True,Home,False
59825177-025f-41f4-a354-948aca12f66b,Borrower_59825177,user_59825177@example.com,43,52892.34,104329.1,670,112,2,5.53,24,0.4812,PhD,Full-time,Divorced,False,False,Home,True
35ac1533-c21b-4e85-a143-a67839d70910,Borrower_35ac1533,user_35ac1533@example.com,44,44010.32,61981.79,321,28,3,9.52,60,0.3474,Bachelor's,Full-time,Single,True,False,Home,True
c788c566-69b7-4e59-85f2-fbfc5046c78a,Borrower_c788c566,user_c788c566@example.com,26,49537.82,96022.08,439,15,2,11.47,24,0.1674,Bachelor's,Self-employed,Divorced,True,False,Home,True
f32089ee-a0c8-48ad-a77d-74a1c4643221,Borrower_f32089ee,user_f32089ee@example.com,55,92394.35,155288.31,767,24,4,4.75,24,0.3181,High School,Full-time,Divorced,True,True,Home,True
65a1b2a6-7d7d-4aa2-be68-0d316cfdea91,Borrower_65a1b2a6,user_65a1b2a6@example.com,54,28809.37,29212.51,680,22,4,14.0,36,0.3494,High School,Full-time,Single,False,True,Other,False
41d75042-7c86-4eee-846d-fe51ab72df82,Borrower_41d75042,user_41d75042@example.com,51,34598.77,22816.62,670,17,3,13.14,60,0.2407,High School,Full-time,Married,True,True,Auto,True
2b60cdcc-4129-4319-adfc-33052ca6422c,Borrower_2b60cdcc,user_2b60cdcc@example.com,46,113794.06,59449.21,681,27,1,22.15,24,0.2136,High School,Part-time,Divorced,False,True,Other,True
b25439ca-1809-4f09-90f2-9f93e40dc957,Borrower_b25439ca,user_b25439ca@example.com,25,112599.18,183100.67,306,78,1,12.2,60,0.3637,Bachelor's,Full-time,Divorced,True,False,Business,True
2d6122d4-b181-490a-a00d-933c46c428ae,Borrower_2d6122d4,user_2d6122d4@example.com,34,15008.59,28562.92,721,77,4,19.41,36,0.4464,PhD,Self-employed,Single,True,False,Business,True
76ca7ef2-6987-4feb-8d8f-82013430961b,Borrower_76ca7ef2,user_76ca7ef2@example.com,26,40282.32,34656.62,446,15,4,18.48,12,0.3087,Bachelor's,Full-time,Married,True,False,Auto,False
b3120fb9-a6ba-4656-91b0-2f90e33bb90b,Borrower_b3120fb9,user_b3120fb9@example.com,43,43006.5,52421.67,644,78,3,20.49,36,0.2496,Master's,Full-time,Married,False,False,Education,True
0120a055-1a74-42b9-8aa7-1a9aff143278,Borrower_0120a055,user_0120a055@example.com,24,60000.99,60294.54,694,87,1,21.06,48,0.3379,Master's,Full-time,Married,False,False,Education,False
e274d053-3a63-45c2-aab0-6d46af60b870,Borrower_e274d053,user_e274d053@example.com,65,60000.0,55770.22,680,43,4,19.85,12,0.4918,Bachelor's,Full-time,Married,False,False,Auto,False
c992462c-cc04-493b-a2ee-9a0b37e06722,Borrower_c992462c,user_c992462c@example.com,62,108895.12,119654.53,356,96,2,18.12,36,0.2407,Bachelor's,Full-time,Divorced,True,True,Auto,True
33ec6e0e-38c6-4d71-92da-6a9a4912a0c3,Borrower_33ec6e0e,user_33ec6e0e@example.com,43,149999.0,112026.63,807,96,1,15.36,24,0.33,Bachelor's,Self-employed,Single,False,True,Education,False
fe2bf5af-28c8-42d3-afa3-601b2e50efbf,Borrower_fe2bf5af,user_fe2bf5af@example.com,22,66683.41,69257.45,451,101,1,6.74,12,0.3349,High School,Part-time,Single,False,True,Auto,False
3935b6d2-0b93-4259-8d5e-7a766a3b5e39,Borrower_3935b6d2,user_3935b6d2@example.com,34,70233.37,66735.72,383,26,3,8.01,24,0.2486,Bachelor's,Full-time,Single,False,True,Auto,True
1ccb320b-3a85-4dfe-85bf-fa4a5a795a49,Borrower_1ccb320b,user_1ccb320b@example.com,18,30699.1,30004.01,736,113,1,10.76,48,0.333,Bachelor's,Full-time,Single,True,False,Auto,False
919f1be5-de09-4cf6-91a3-012b6b8a48e4,Borrower_919f1be5,user_919f1be5@example.com,22,96617.99,165102.88,392,18,1,22.66,24,0.2505,Bachelor's,Self-employed,Single,True,False,Home,False
9b60c3a8-55b8-4ff7-a079-08320b33b0ca,Borrower_9b60c3a8,user_9b60c3a8@example.com,63,25524.65,19661.48,645,104,1,16.5,60,0.4292,Bachelor's,Full-time,Single,False,True,Auto,False
aa1d065f-bcc4-47a4-8380-8d7a7788eaaa,Borrower_aa1d065f,user_aa1d065f@example.com,36,17801.69,27487.03,415,50,4,7.42,24,0.2299,Bachelor's,Full-time,Single,True,True,Business,False
36252aba-0927-412f-ae0d-9685d7e039b8,Borrower_36252aba,user_36252aba@example.com,69,131664.73,129825.89,668,80,1,4.96,24,0.198,Bachelor's,Full-time,Single,True,True,Auto,False
103bb948-b1a7-4724-9e27-3ed7aa783373,Borrower_103bb948,user_103bb948@example.com,64,55024.97,87465.92,349,92,1,11.69,36,0.332,Bachelor's,Full-time,Divorced,True,False,Home,False
15de27c0-3317-432f-9f7c-6a61363c7a17,Borrower_15de27c0,user_15de27c0@example.com,53,62274.51,74495.45,301,38,2,9.4,12,0.2774,Bachelor's,Full-time,Divorced,False,True,Auto,True
57fd1361-3c84-44f2-baf3-06e82f915c4a,Borrower_57fd1361,user_57fd1361@example.com,66,59795.81,54453.24,328,65,3,7.55,12,0.1907,Bachelor's,Part-time,Divorced,True,True,Education,True
60e7709b-5ffc-4eac-836a-9d3241bd5790,Borrower_60e7709b,user_60e7709b@example.com,29,65065.33,43636.63,334,11,2,2.49,24,0.1998,High School,Full-time,Married,False,True,Other,True
f7dba11b-1243-4eca-968c-251b5270077f,Borrower_f7dba11b,user_f7dba11b@example.com,19,121395.58,117454.25,538,67,2,5.09,24,0.3198,Bachelor's,Full-time,Single,True,False,Education,True
0b5b127e-c4bf-4107-af44-cecd2ea2a95b,Borrower_0b5b127e,user_0b5b127e@example.com,55,77674.91,85997.9,441,53,1,9.95,60,0.3262,High School,Self-employed,Single,True,False,Other,True
a2c03e18-35f6-4b3f-b4d4-302598aaadfe,Borrower_a2c03e18,user_a2c03e18@example.com,65,64102.69,56181.54,775,89,1,8.87,60,0.3093,Bachelor's,Full-time,Divorced,True,True,Auto,False
e20590a7-59f1-4234-a841-b9ece2fc295a,Borrower_e20590a7,user_e20590a7@example.com,19,27724.64,23562.98,329,21,3,5.42,36,0.2729,Bachelor's,Full-time,Married,True,False,Auto,True
a4a959b3-26be-4ef0-870b-bbb970521025,Borrower_a4a959b3,user_a4a959b3@example.com,38,149999.0,249999.0,471,84,3,21.05,12,0.1814,High School,Full-time,Married,False,True,Home,True
202dfeb9-5647-44e9-a579-250405dd2bce,Borrower_202dfeb9,user_202dfeb9@example.com,65,35162.91,58047.88,778,39,1,18.98,12,0.4268,Bachelor's,Self-employed,Married,True,False,Business,True
c9d0d5dc-1526-4fce-b9d9-4dc487229839,Borrower_c9d0d5dc,user_c9d0d5dc@example.com,42,49631.13,51069.5,714,10,3,7.74,24,0.267,High School,Full-time,Married,False,False,Other,True
cbfbb439-4757-4718-ad40-a71364855103,Borrower_cbfbb439,user_cbfbb439@example.com,38,42274.8,53502.54,623,59,4,24.27,60,0.3658,Bachelor's,Self-employed,Single,True,True,Business,False
ac7fe4d3-f9b5-4592-8423-d5530e8a066b,Borrower_ac7fe4d3,user_ac7fe4d3@example.com,29,60756.51,73205.51,547,57,3,10.76,60,0.1807,Bachelor's,Part-time,Divorced,True,True,Auto,False
ee40c34f-b14d-4c58-b3c6-235147af40c5,Borrower_ee40c34f,user_ee40c34f@example.com,53,48543.94,33031.16,792,33,4,7.9,48,0.288,Master's,Self-employed,Divorced,False,False,Auto,False
0528372c-a26d-42cf-89fa-1e40ba05fff5,Borrower_0528372c,user_0528372c@example.com,60,86264.66,48252.45,838,1,4,2.09,60,0.3494,Master's,Part-time,Divorced,False,False,Auto,True
a1919f1d-7337-4d3a-a40d-eeb3c6c21a26,Borrower_a1919f1d,user_a1919f1d@example.com,35,50023.68,93025.04,789,22,3,12.32,48,0.1629,Master's,Full-time,Single,True,False,Home,True
68163b25-b770-44f1-b119-0c6a1902dc4a,Borrower_68163b25,user_68163b25@example.com,44,57383.01,55505.14,830,18,1,17.46,36,0.1707,Bachelor's,Self-employed,Single,False,False,Auto,True
9a41cbdf-040c-453b-bae5-9b316a72d26f,Borrower_9a41cbdf,user_9a41cbdf@example.com,67,79735.19,59461.5,456,90,3,11.61,24,0.2189,Bachelor's,Full-time,Single,False,False,Education,True
45df5d95-3049-4727-825f-7107d30ecbad,Borrower_45df5d95,user_45df5d95@example.com,61,58321.57,98614.2,691,0,3,20.41,48,0.5301,High School,Part-time,Divorced,False,False,Home,False
9be13675-6b20-4388-81c7-246669402489,Borrower_9be13675,user_9be13675@example.com,55,17224.52,26761.61,635,50,3,6.84,24,0.5636,Bachelor's,Full-time,Single,False,True,Business,True
df57cbf2-2248-4439-a08c-0c6a4f897b22,Borrower_df57cbf2,user_df57cbf2@example.com,27,71934.66,65443.81,680,30,3,7.01,60,0.2694,Master's,Full-time,Married,True,False,Auto,False
eaa54b1a-129a-4234-8528-a46f31bd3c28,Borrower_eaa54b1a,user_eaa54b1a@example.com,47,126765.63,129536.63,364,62,4,2.61,24,0.2906,Bachelor's,Full-time,Divorced,False,True,Auto,False
e376ea76-4140-4c39-8bcc-260824ece6d2,Borrower_e376ea76,user_e376ea76@example.com,41,84865.57,62980.48,410,35,1,11.41,48,0.2189,Bachelor's,Self-employed,Single,False,False,Other,False
71950653-f7c2-42e7-b082-841fd666d0da,Borrower_71950653,user_71950653@example.com,56,81821.43,69340.25,432,18,3,13.62,24,0.3371,Master's,Full-time,Divorced,False,True,Education,False
a0857a62-33c8-41f1-82a4-0a81897a4ecd,Borrower_a0857a62,user_a0857a62@example.com,43,101298.27,127178.51,818,16,3,24.94,48,0.1881,High School,Full-time,Divorced,True,True,Auto,False
5184a5d5-3756-4ecf-8ec6-9d8714741501,Borrower_5184a5d5,user_5184a5d5@example.com,65,67819.95,74881.28,680,35,4,11.27,24,0.4706,Bachelor's,Part-time,Single,False,True,Auto,True
8f871631-da5a-4599-b252-6498a4aeda2c,Borrower_8f871631,user_8f871631@example.com,39,72061.49,61152.62,462,78,3,6.44,48,0.4503,Bachelor's,Full-time,Divorced,True,True,Auto,True
eea3772b-4ef7-4446-a2d5-ebe2fddec201,Borrower_eea3772b,user_eea3772b@example.com,35,15000.0,17548.84,593,103,3,6.35,36,0.1754,Bachelor's,Full-time,Single,False,False,Auto,True
5f9849b6-9664-4d54-941a-2ee08fcc2489,Borrower_5f9849b6,user_5f9849b6@example.com,55,19653.65,42703.31,494,74,2,12.44,24,0.1853,High School,Full-time,Married,False,True,Business,False
d622385d-bdc9-4e22-8351-ffd2d04ecdeb,Borrower_d622385d,user_d622385d@example.com,60,61379.33,74617.54,320,75,4,23.87,24,0.1609,High School,Full-time,Married,True,False,Business,False
e98d9b0e-7072-46d3-a743-0b35ffbed2b3,Borrower_e98d9b0e,user_e98d9b0e@example.com,62,112697.29,89321.84,518,106,3,14.93,48,0.3737,Bachelor's,Part-time,Single,False,False,Other,False
ffd015f5-a8ee-4354-82f0-b5298acf9a91,Borrower_ffd015f5,user_ffd015f5@example.com,25,51780.8,32664.64,568,86,4,13.3,12,0.3866,Bachelor's,Part-time,Married,False,False,Auto,True
6712b922-0c19-4dbb-a452-303f721b2ccf,Borrower_6712b922,user_6712b922@example.com,32,119991.28,167601.0,755,2,3,4.5,60,0.3814,High School,Self-employed,Married,False,False,Business,False
285a737b-063c-4f53-9e35-a38743fe1a53,Borrower_285a737b,user_285a737b@example.com,62,122376.07,91109.38,456,24,2,6.6,48,0.3346,Bachelor's,Self-employed,Married,True,False,Education,True
cfc7945b-8fac-4e14-a85e-08382031da6f,Borrower_cfc7945b,user_cfc7945b@example.com,36,94034.85,81651.47,836,84,1,22.35,48,0.3137,Bachelor's,Full-time,Single,True,True,Education,False
024f5c3d-764a-4a79-8149-52434adaf7e3,Borrower_024f5c3d,user_024f5c3d@example.com,22,21723.79,29553.6,348,83,1,4.72,48,0.3328,Bachelor's,Full-time,Single,False,False,Auto,False
4b14df32-5a3d-43d1-974a-cbba058bbc85,Borrower_4b14df32,user_4b14df32@example.com,44,149999.0,106559.75,483,40,3,16.1,60,0.3931,Bachelor's,Full-time,Single,True,True,Other,False
27ae9be3-77b4-4ef7-8a76-6a4330a29d8d,Borrower_27ae9be3,user_27ae9be3@example.com,18,35081.2,52597.91,655,38,4,18.11,12,0.3381,High School,Part-time,Single,True,False,Home,True
934d1b4a-4a1c-4b3b-99a7-1ec959add32b,Borrower_934d1b4a,user_934d1b4a@example.com,61,60000.0,29130.2,804,40,1,11.17,48,0.3338,Bachelor's,Part-time,Divorced,False,True,Auto,False
0de5ed63-e7b2-42eb-8521-23dfdba4b906,Borrower_0de5ed63,user_0de5ed63@example.com,47,44669.71,46999.82,347,111,2,18.62,60,0.3113,Bachelor's,Full-time,Divorced,False,True,Auto,False
4fb98860-6db5-4403-b695-8e71497f354b,Borrower_4fb98860,user_4fb98860@example.com,69,21531.39,23086.92,653,74,3,15.91,24,0.2542,Bachelor's,Full-time,Single,True,False,Auto,False
4cc9ef8d-2af9-4afd-aaae-88e664f65280,Borrower_4cc9ef8d,user_4cc9ef8d@example.com,49,31798.51,29655.31,715,98,4,15.26,36,0.3746,Bachelor's,Full-time,Divorced,True,False,Other,True
d3fbc4ec-71fe-4522-aaa7-bef00680e82f,Borrower_d3fbc4ec,user_d3fbc4ec@example.com,68,56398.56,67566.11,364,38,3,24.49,36,0.2185,Bachelor's,Unemployed,Single,True,True,Auto,True
1a6aa4fc-78b3-490f-b776-157fb5fdf7d0,Borrower_1a6aa4fc,user_1a6aa4fc@example.com,27,45509.59,43845.38,449,41,3,10.35,48,0.5301,Master's,Full-time,Divorced,False,True,Auto,True
ceb618d6-ec13-452f-a0bc-d7ae752aa132,Borrower_ceb618d6,user_ceb618d6@example.com,40,40185.99,80717.8,702,102,4,24.3,60,0.2572,PhD,Part-time,Divorced,True,True,Home,False
76f06dec-1783-408b-b19b-d5410b15f200,Borrower_76f06dec,user_76f06dec@example.com,21,149999.0,152211.65,680,24,2,7.2,12,0.2185,PhD,Unemployed,Divorced,True,False,Business,True
58176824-3074-49c9-aea1-660150ba9cc8,Borrower_58176824,user_58176824@example.com,25,65351.14,79960.35,543,79,2,21.33,24,0.3616,Master's,Full-time,Divorced,True,False,Auto,False
43897a47-94dd-49b6-9604-f48c537c9746,Borrower_43897a47,user_43897a47@example.com,28,51199.66,24387.97,728,37,1,13.61,12,0.2766,Master's,Full-time,Married,True,True,Education,False
769bd5d9-143d-4508-ae79-3036174d8c52,Borrower_769bd5d9,user_769bd5d9@example.com,53,104734.31,78840.22,822,90,4,2.56,12,0.2702,PhD,Unemployed,Married,False,False,Auto,False
a0afa504-e19d-4ad1-b2e8-d563722ef31d,Borrower_a0afa504,user_a0afa504@example.com,47,149999.0,249999.0,472,24,4,20.96,24,0.2347,Master's,Self-employed,Divorced,True,True,Home,True
a0101b38-499b-4143-9c20-1c6e013bc0c1,Borrower_a0101b38,user_a0101b38@example.com,39,50499.19,48251.5,566,30,3,23.23,36,0.2813,High School,Full-time,Single,False,False,Auto,False
673a2797-eb27-49ae-b4e4-187ee1476ef8,Borrower_673a2797,user_673a2797@example.com,53,60000.0,178197.84,485,24,2,9.83,12,0.305,Bachelor's,Full-time,Married,True,True,Home,False
50e78e41-c934-4bd6-99f5-960a8532d931,Borrower_50e78e41,user_50e78e41@example.com,32,32346.51,30186.29,680,56,3,5.6,12,0.2307,Bachelor's,Part-time,Married,False,True,Business,True
05b1ced6-38ab-4cba-9e51-87e67d9745c2,Borrower_05b1ced6,user_05b1ced6@example.com,43,114163.04,144019.85,399,79,1,2.17,48,0.2147,Bachelor's,Full-time,Married,False,False,Other,False
3dcc7dd5-8471-4525-8ce3-b368655d8906,Borrower_3dcc7dd5,user_3dcc7dd5@example.com,23,85431.15,83822.64,689,94,1,3.1,24,0.3909,Bachelor's,Part-time,Divorced,False,True,Auto,True
eafd76aa-9855-461b-ba6a-0d2bc1e47918,Borrower_eafd76aa,user_eafd76aa@example.com,31,42717.7,76152.89,337,56,4,5.83,60,0.2037,Master's,Full-time,Single,False,False,Business,True
f992a2a3-c14e-4e88-a198-a5ffcff9bb98,Borrower_f992a2a3,user_f992a2a3@example.com,41,28859.62,21348.12,840,47,3,17.65,60,0.5336,Bachelor's,Full-time,Divorced,True,True,Auto,True
72f46bcc-04c8-45fc-bbd6-81a80d0a0933,Borrower_72f46bcc,user_72f46bcc@example.com,38,63356.11,82662.79,497,114,2,4.15,36,0.2078,Bachelor's,Self-employed,Single,False,True,Business,False
8b9078d8-e8c5-431e-8e94-cca74ebedc70,Borrower_8b9078d8,user_8b9078d8@example.com,43,49420.89,99998.52,680,20,4,10.82,12,0.3519,High School,Full-time,Married,True,True,Home,False
e4c56063-e57e-499f-9558-04a99cbab70a,Borrower_e4c56063,user_e4c56063@example.com,43,149999.0,249999.0,513,0,4,23.9,36,0.5087,Bachelor's,Full-time,Divorced,False,False,Home,True
88949ff5-bae5-4fdd-87f7-0edba0d4820f,Borrower_88949ff5,user_88949ff5@example.com,62,60000.0,16563.27,756,110,4,16.26,36,0.2994,High School,Full-time,Single,True,False,Auto,False
0ee53bbd-26a0-4d0d-8346-18e1be5bdf20,Borrower_0ee53bbd,user_0ee53bbd@example.com,26,96446.88,62133.37,357,90,3,21.85,48,0.2429,Bachelor's,Full-time,Single,True,False,Education,False
425d997f-d25f-42f4-a110-47d0e456702b,Borrower_425d997f,user_425d997f@example.com,57,66328.32,60597.82,558,33,4,10.89,24,0.1836,Bachelor's,Full-time,Single,True,False,Other,True
7045bc5f-08f7-46a5-9288-d50d5969d56e,Borrower_7045bc5f,user_7045bc5f@example.com,50,145836.61,249999.0,303,11,3,8.9,12,0.2269,Master's,Full-time,Married,False,True,Home,True
418ae324-9bd0-4223-9cc3-edfce8e13703,Borrower_418ae324,user_418ae324@example.com,38,107558.15,103697.82,420,4,1,14.26,24,0.3781,Master's,Unemployed,Divorced,False,False,Auto,True
94f1560d-3d1f-4068-91c3-7e46eead389f,Borrower_94f1560d,user_94f1560d@example.com,49,22290.0,20453.37,422,35,3,16.95,24,0.4038,Master's,Full-time,Married,False,False,Business,True
15f18535-f3ec-4c21-a5e2-870936f063b1,Borrower_15f18535,user_15f18535@example.com,50,149999.0,235806.29,467,27,3,23.5,36,0.4408,Master's,Full-time,Married,False,False,Business,True
b0140955-e48b-4dd0-ab18-8c9833347427,Borrower_b0140955,user_b0140955@example.com,65,60000.0,86364.18,639,112,3,15.29,24,0.3748,Bachelor's,Full-time,Single,False,False,Auto,True
4b276dbe-5972-4404-bbc4-63baeedc3615,Borrower_4b276dbe,user_4b276dbe@example.com,32,66785.58,104345.66,680,112,3,10.84,24,0.5651,Master's,Full-time,Married,True,True,Home,True
9bfbcdac-6f95-41d8-8e08-8f4be3848cf4,Borrower_9bfbcdac,user_9bfbcdac@example.com,64,52099.29,108588.1,590,118,4,4.84,12,0.349,Bachelor's,Full-time,Married,True,False,Home,True
057f11dd-207e-427e-86f9-f8fa18c19f90,Borrower_057f11dd,user_057f11dd@example.com,19,149999.0,187420.77,409,24,1,15.19,12,0.3655,Bachelor's,Self-employed,Divorced,False,False,Auto,True
9cf29262-7933-4e40-b48c-da6a3faab06c,Borrower_9cf29262,user_9cf29262@example.com,61,30721.05,24872.87,592,76,2,10.45,60,0.3892,Bachelor's,Full-time,Single,True,False,Other,False
dc5fe6cf-1357-44ea-9133-40a4bb59e16b,Borrower_dc5fe6cf,user_dc5fe6cf@example.com,41,76475.61,73838.63,501,24,3,16.46,60,0.364,Bachelor's,Full-time,Divorced,False,True,Auto,False
7cb4064e-1e87-4b03-aabe-6b924149e785,Borrower_7cb4064e,user_7cb4064e@example.com,59,90667.4,129436.29,642,33,3,13.74,24,0.1926,Master's,Full-time,Married,True,False,Business,False
9634a59c-6f19-4250-b56e-9176322af9fe,Borrower_9634a59c,user_9634a59c@example.com,30,36900.48,75972.98,641,77,1,10.88,24,0.4155,High School,Full-time,Divorced,False,False,Home,True
d529360c-f82d-4a14-afb7-56178f9a100b,Borrower_d529360c,user_d529360c@example.com,48,91130.53,93699.34,504,71,3,16.38,12,0.3549,Bachelor's,Full-time,Divorced,False,False,Other,True
d0b1c3cd-aa4b-49f7-941e-f93280101f4d,Borrower_d0b1c3cd,user_d0b1c3cd@example.com,50,125047.4,237746.5,702,30,1,6.7,12,0.361,High School,Full-time,Single,True,True,Home,False
d39510a6-18a2-4986-a066-acccb8dd72eb,Borrower_d39510a6,user_d39510a6@example.com,62,67400.6,116540.06,362,32,2,7.71,24,0.3908,Bachelor's,Self-employed,Single,False,False,Home,False
0913b53d-31fa-420e-857a-d514aa9d96d8,Borrower_0913b53d,user_0913b53d@example.com,43,149999.0,249999.0,345,34,2,7.72,36,0.2485,PhD,Full-time,Single,False,True,Home,True
e21253af-b048-44ca-a583-386323a66551,Borrower_e21253af,user_e21253af@example.com,64,23509.78,27236.33,745,93,2,13.94,60,0.2197,Bachelor's,Part-time,Married,False,False,Business,False
35d95337-db88-4b4a-8b04-d21a07645633,Borrower_35d95337,user_35d95337@example.com,46,48840.17,116064.31,326,34,3,5.08,24,0.2589,Bachelor's,Full-time,Divorced,True,False,Home,True
109d1904-40c4-42e0-afe2-fa59e9e0605b,Borrower_109d1904,user_109d1904@example.com,47,27849.86,53818.28,750,99,4,2.08,60,0.3983,Bachelor's,Part-time,Single,False,True,Home,False
098d9e86-69b2-4c94-a724-eeab44462420,Borrower_098d9e86,user_098d9e86@example.com,27,32249.33,25801.62,419,0,1,21.43,60,0.2969,Bachelor's,Unemployed,Single,False,False,Education,True
33e3dda7-2cc4-48ef-8763-05caf83766b4,Borrower_33e3dda7,user_33e3dda7@example.com,28,89284.15,91596.82,813,64,2,12.42,48,0.3428,Bachelor's,Full-time,Divorced,False,True,Auto,False
2616489a-34b2-47d4-9abe-4eb3540083c9,Borrower_2616489a,user_2616489a@example.com,37,58025.37,56092.87,535,87,1,6.0,24,0.3561,Bachelor's,Part-time,Married,False,True,Auto,False
4e5d5f5b-6c18-4ae2-b7f4-710436213b6a,Borrower_4e5d5f5b,user_4e5d5f5b@example.com,55,44230.0,35406.44,464,26,1,22.38,24,0.1815,Bachelor's,Part-time,Divorced,True,False,Education,False
31ce94e4-875b-449f-ba59-71f3f3b86da4,Borrower_31ce94e4,user_31ce94e4@example.com,63,48148.19,38245.56,707,74,1,12.48,12,0.36,Bachelor's,Part-time,Divorced,False,False,Auto,False
40b7cf37-62cf-4469-8cde-73b7b2393508,Borrower_40b7cf37,user_40b7cf37@example.com,32,27615.23,22071.27,578,53,2,7.69,60,0.536,Bachelor's,Full-time,Married,False,True,Other,True
fdf4d463-8d56-49e6-9e98-3f997bbfebaa,Borrower_fdf4d463,user_fdf4d463@example.com,26,81116.27,66767.91,372,27,3,11.18,12,0.347,Bachelor's,Full-time,Married,False,True,Education,True
e9f5df51-3795-4926-92c4-0085848c3b9b,Borrower_e9f5df51,user_e9f5df51@example.com,37,86814.38,141012.95,440,14,3,9.6,60,0.2908,PhD,Unemployed,Divorced,False,True,Home,False
94b68de8-d5a1-426e-b05c-c8f59d9c3f00,Borrower_94b68de8,user_94b68de8@example.com,57,50194.79,48053.55,421,41,4,11.43,12,0.2239,High School,Full-time,Married,False,False,Education,False
7c12ebdf-de5b-4b49-8fc3-fedb6b193084,Borrower_7c12ebdf,user_7c12ebdf@example.com,57,149999.0,151266.76,385,24,4,12.72,48,0.3692,Master's,Self-employed,Single,True,True,Auto,True
bc695d68-a2a8-4c12-bd4a-4d033329c4a6,Borrower_bc695d68,user_bc695d68@example.com,34,149999.0,152292.51,796,118,1,11.97,60,0.2924,High School,Part-time,Divorced,True,True,Auto,True
67b0f2cb-4bc1-4dfa-900f-dd18041b3f22,Borrower_67b0f2cb,user_67b0f2cb@example.com,50,33565.34,41107.09,424,114,2,17.16,60,0.3609,Bachelor's,Part-time,Divorced,False,True,Auto,False
b217f377-2a02-452d-913d-bb6e8b13cf45,Borrower_b217f377,user_b217f377@example.com,44,44515.19,60673.87,585,33,3,10.14,12,0.2442,Bachelor's,Part-time,Single,True,False,Business,True
3a281f54-ebf8-4ee4-90f5-ce7c98f19888,Borrower_3a281f54,user_3a281f54@example.com,39,90444.19,94322.1,374,100,2,6.55,24,0.524,Bachelor's,Full-time,Married,False,False,Auto,False
0fb284a9-4566-45a8-b43c-21e5544054ec,Borrower_0fb284a9,user_0fb284a9@example.com,42,126642.97,108530.95,661,9,4,23.73,24,0.3103,Master's,Self-employed,Divorced,True,True,Auto,False
2c5c9c2e-892b-48c3-ae11-25ca5f6628c9,Borrower_2c5c9c2e,user_2c5c9c2e@example.com,48,68311.05,79021.28,687,0,4,2.3,12,0.2499,PhD,Part-time,Divorced,False,False,Home,True
50f1b9ad-7a22-4a50-b9fd-59b8fbe12f3b,Borrower_50f1b9ad,user_50f1b9ad@example.com,21,84065.57,184242.62,736,32,4,21.01,24,0.3756,Master's,Full-time,Married,False,False,Home,True
4c25363f-65a1-4327-b488-c7ad491cbc95,Borrower_4c25363f,user_4c25363f@example.com,43,45423.79,59020.08,676,48,2,8.26,24,0.3718,High School,Full-time,Divorced,False,True,Home,True
769082e8-da12-475d-9fa5-a28bb72230a8,Borrower_769082e8,user_769082e8@example.com,25,29208.41,13905.94,524,45,1,14.33,12,0.2528,Bachelor's,Full-time,Married,False,True,Business,False
4ca61063-6253-4abd-95af-e3aa4b4212bb,Borrower_4ca61063,user_4ca61063@example.com,44,141273.45,163874.79,778,105,1,10.29,24,0.3735,High School,Part-time,Single,False,False,Business,True
93fb99c5-a504-41ac-8d8a-5d7ff2aab15b,Borrower_93fb99c5,user_93fb99c5@example.com,31,16841.42,17019.52,351,24,4,3.31,60,0.3612,Master's,Full-time,Divorced,True,False,Auto,False
7a324c0f-6024-4b45-8118-3613867d53d3,Borrower_7a324c0f,user_7a324c0f@example.com,61,37954.78,30280.33,814,91,4,2.42,48,0.4101,Bachelor's,Full-time,Married,True,False,Education,True
2c2da646-4908-40c3-8f10-82deb89b190b,Borrower_2c2da646,user_2c2da646@example.com,26,46941.05,89867.13,364,84,3,10.21,12,0.2619,Bachelor's,Full-time,Single,True,True,Home,True
c6c0e3ce-5b3b-4139-9957-1d5a310623bb,Borrower_c6c0e3ce,user_c6c0e3ce@example.com,63,44671.73,65826.75,400,102,3,17.39,12,0.327,Master's,Self-employed,Single,False,False,Business,False
6440d3bf-b063-408e-be22-f73c6aa4f000,Borrower_6440d3bf,user_6440d3bf@example.com,43,55427.38,44076.32,849,23,4,9.56,48,0.4535,Master's,Full-time,Divorced,False,True,Auto,False
756f7180-b8ac-49a9-9093-046ec4c7d2b3,Borrower_756f7180,user_756f7180@example.com,21,65184.7,123857.42,627,79,1,6.68,36,0.3348,Bachelor's,Full-time,Single,False,True,Home,True
d3a3d512-b658-4899-8ffe-93ba46ebce9c,Borrower_d3a3d512,user_d3a3d512@example.com,24,34227.0,30094.04,351,75,3,10.56,36,0.3109,Bachelor's,Self-employed,Divorced,False,True,Auto,True
1a73c09e-9083-40d6-b75f-94b9858fae93,Borrower_1a73c09e,user_1a73c09e@example.com,52,43666.87,35181.61,464,46,4,10.74,24,0.3889,Bachelor's,Full-time,Divorced,True,True,Auto,False
6603277f-879b-4a13-9e63-c99c7f7e1014,Borrower_6603277f,user_6603277f@example.com,43,38677.15,26689.65,680,16,1,16.37,36,0.2967,Bachelor's,Full-time,Single,True,False,Auto,True
7948a0cb-0c15-417f-a6a6-20444f57c61a,Borrower_7948a0cb,user_7948a0cb@example.com,27,45085.26,38494.88,330,115,1,12.27,36,0.1519,High School,Full-time,Single,False,True,Other,True
2410110b-b5b7-4a5c-9c9a-9a9bc495fa64,Borrower_2410110b,user_2410110b@example.com,45,76365.34,105292.52,350,95,4,4.51,60,0.1806,Bachelor's,Full-time,Divorced,True,True,Business,False
4b05adec-fe72-45ef-b409-e43b79b743e7,Borrower_4b05adec,user_4b05adec@example.com,35,79241.12,93473.24,415,92,3,20.48,36,0.2305,High School,Full-time,Married,True,False,Home,True
32270045-ac86-4b0d-933c-f91a72c4f70c,Borrower_32270045,user_32270045@example.com,55,105782.44,159248.49,621,106,4,20.52,36,0.5769,Bachelor's,Unemployed,Married,False,False,Business,True
964518a8-06d3-47a2-b6ca-2a342d3ad65c,Borrower_964518a8,user_964518a8@example.com,53,57664.97,59077.86,364,6,2,24.09,48,0.4004,Bachelor's,Self-employed,Divorced,True,False,Business,False
352c1768-4b99-4bd0-9db2-8d4dcccf8833,Borrower_352c1768,user_352c1768@example.com,68,16416.55,8443.55,396,68,4,21.25,48,0.345,Master's,Unemployed,Divorced,False,False,Auto,True
22d921dd-1c11-491c-b9c1-ababd4e1eea2,Borrower_22d921dd,user_22d921dd@example.com,35,65507.11,91666.94,631,82,1,6.6,48,0.2978,Bachelor's,Full-time,Married,True,True,Auto,False
8b6596a2-be09-48f2-8c6b-41766f23ca6c,Borrower_8b6596a2,user_8b6596a2@example.com,31,30174.36,28610.47,492,62,2,6.23,12,0.6022,High School,Full-time,Single,False,False,Auto,True
e0cfe7c4-5f0a-4461-a6fd-7471261a5cca,Borrower_e0cfe7c4,user_e0cfe7c4@example.com,27,55584.11,48916.97,353,93,2,18.73,24,0.5486,Bachelor's,Full-time,Divorced,False,False,Other,False
e6dea63b-e3fd-4c61-95c1-49a2b91c788c,Borrower_e6dea63b,user_e6dea63b@example.com,51,132322.26,124362.83,802,25,4,17.04,60,0.2748,Bachelor's,Full-time,Single,True,False,Auto,True
dba669cc-fb88-4f0b-9d6e-03c67ff3950b,Borrower_dba669cc,user_dba669cc@example.com,39,60000.0,28244.07,379,43,1,17.74,12,0.2063,High School,Part-time,Single,True,True,Education,True
d8bc446d-dcae-4a96-af2e-cb76acfd48c3,Borrower_d8bc446d,user_d8bc446d@example.com,19,39962.64,72212.43,784,99,1,9.12,48,0.3343,Bachelor's,Unemployed,Divorced,False,True,Home,False
83d5ec1a-52d6-4824-a14a-5fc4ac8278b0,Borrower_83d5ec1a,user_83d5ec1a@example.com,46,70238.32,188703.8,328,106,2,15.04,60,0.2029,Master's,Full-time,Single,True,True,Home,False
2ebff1f8-34c1-43c2-aac5-275fb8a51f3a,Borrower_2ebff1f8,user_2ebff1f8@example.com,54,113760.38,112874.33,718,13,4,15.16,36,0.2165,High School,Part-time,Married,True,False,Business,True
f6804f49-483b-42a4-85e7-6a659109be88,Borrower_f6804f49,user_f6804f49@example.com,43,103501.53,103561.74,841,24,3,22.89,60,0.4576,High School,Part-time,Divorced,False,False,Education,True
1d1d5ac8-1847-4052-a09b-95842e312a48,Borrower_1d1d5ac8,user_1d1d5ac8@example.com,26,90214.59,100480.21,676,97,4,24.6,48,0.3176,High School,Self-employed,Married,True,True,Auto,False
0e595dca-7ab5-44c0-aead-364ac6e4af57,Borrower_0e595dca,user_0e595dca@example.com,41,92397.89,79877.34,650,16,3,13.91,12,0.3863,Bachelor's,Part-time,Divorced,False,True,Education,False
e180e7db-3968-49a8-aa69-abbb4f608791,Borrower_e180e7db,user_e180e7db@example.com,66,19876.67,31625.72,649,13,4,9.17,36,0.355,Bachelor's,Full-time,Divorced,False,True,Home,False
d6a8a8f2-d56b-47fd-af99-edb3db4aa0a9,Borrower_d6a8a8f2,user_d6a8a8f2@example.com,43,32762.79,57531.99,769,24,4,5.35,48,0.2395,Bachelor's,Self-employed,Married,False,True,Business,True
7a3bc2b1-2098-4d8f-b923-0b1c990d6a21,Borrower_7a3bc2b1,user_7a3bc2b1@example.com,59,100137.19,161491.07,659,93,2,10.31,48,0.2892,Bachelor's,Unemployed,Single,True,True,Business,True
43998973-b82a-4b67-a658-a2f89fceae64,Borrower_43998973,user_43998973@example.com,23,37389.24,79525.81,308,50,1,5.22,48,0.2438,Bachelor's,Self-employed,Single,True,False,Home,True
55899efe-2c91-4d80-a6e2-9e488afb6b31,Borrower_55899efe,user_55899efe@example.com,28,60411.63,97848.19,300,24,2,20.64,36,0.4674,Bachelor's,Part-time,Divorced,True,False,Business,False
e7b1212a-c9f1-4614-a4cd-0da53b695add,Borrower_e7b1212a,user_e7b1212a@example.com,21,78437.21,77439.8,630,51,3,17.43,60,0.259,High School,Full-time,Single,True,True,Auto,False
3349393e-dcce-41a3-8fd2-b7c80cb023ca,Borrower_3349393e,user_3349393e@example.com,62,15000.0,11189.36,801,103,1,17.61,24,0.2784,High School,Self-employed,Single,True,True,Auto,False
3f44a469-c43e-4ef3-b98b-ffd5639beae9,Borrower_3f44a469,user_3f44a469@example.com,22,51208.06,29474.18,378,75,2,19.79,12,0.213,High School,Part-time,Married,False,True,Education,True
1190b6b7-ef4d-44d8-80eb-ff0805e9f836,Borrower_1190b6b7,user_1190b6b7@example.com,21,105325.53,109140.7,754,100,2,22.65,48,0.3664,Bachelor's,Self-employed,Married,False,False,Auto,False
3372fecc-7e55-44c8-a448-656fe0b32393,Borrower_3372fecc,user_3372fecc@example.com,24,55037.31,42592.48,680,5,4,9.01,60,0.5979,Bachelor's,Self-employed,Married,False,True,Auto,False
42ec9ef4-7798-462b-a304-3c28ccda37ce,Borrower_42ec9ef4,user_42ec9ef4@example.com,38,67208.64,60832.28,770,13,3,22.97,60,0.2633,Bachelor's,Part-time,Divorced,False,True,Auto,True
a4c04da1-ad22-433f-914d-84a0c4aec4ff,Borrower_a4c04da1,user_a4c04da1@example.com,46,112646.8,108181.69,765,24,1,14.63,60,0.2933,High School,Full-time,Married,True,False,Other,False
949f5450-be99-47cb-a1f7-6c58f086a153,Borrower_949f5450,user_949f5450@example.com,28,50657.88,78543.51,647,12,3,9.82,24,0.2807,Bachelor's,Full-time,Divorced,True,False,Home,True
6217dbfa-2bbe-4e1d-bb26-f8a6e9d196d0,Borrower_6217dbfa,user_6217dbfa@example.com,42,66622.26,133329.87,550,96,4,9.27,12,0.1875,Bachelor's,Self-employed,Divorced,True,True,Home,False
cf086deb-e208-41bd-a00e-97d1f0db5c71,Borrower_cf086deb,user_cf086deb@example.com,19,124543.26,134185.48,527,88,4,13.35,36,0.3258,Bachelor's,Self-employed,Single,True,False,Other,True
550c6f13-9dad-4f48-82c8-81031d8d88ef,Borrower_550c6f13,user_550c6f13@example.com,36,101071.52,153412.79,828,67,3,11.64,12,0.2875,Master's,Self-employed,Single,True,True,Business,True
2e0e96c2-1293-4d4a-90eb-144f77e5b6f0,Borrower_2e0e96c2,user_2e0e96c2@example.com,20,75742.16,64044.27,656,38,2,13.64,48,0.2978,Bachelor's,Full-time,Single,True,False,Auto,False
a959f9e2-b197-4f73-8ecd-52448736134d,Borrower_a959f9e2,user_a959f9e2@example.com,26,75010.97,115847.37,509,81,4,15.24,24,0.2345,Bachelor's,Part-time,Married,True,True,Business,True
23538531-90c3-4945-9de9-ebd741787f15,Borrower_23538531,user_23538531@example.com,36,65931.94,66593.29,510,103,1,5.24,36,0.1928,High School,Self-employed,Married,False,False,Auto,False
1b8467b4-fb43-4170-9376-63ee76dec3b7,Borrower_1b8467b4,user_1b8467b4@example.com,61,52840.02,84243.27,650,70,4,13.39,48,0.2666,Bachelor's,Full-time,Single,True,True,Home,False
df14d820-4224-4d4a-8e2c-73fb151f4d50,Borrower_df14d820,user_df14d820@example.com,52,104533.04,110012.6,680,79,4,18.72,48,0.3561,Bachelor's,Self-employed,Divorced,False,False,Auto,False
f2500442-6bac-4dc1-abc6-409af66d542e,Borrower_f2500442,user_f2500442@example.com,27,59904.29,37612.07,683,49,1,23.04,48,0.4165,Bachelor's,Part-time,Married,True,False,Education,True
8e82d66b-c3a7-439b-817a-82d697f96246,Borrower_8e82d66b,user_8e82d66b@example.com,37,36837.27,26240.32,560,69,4,17.66,12,0.2746,High School,Full-time,Married,True,False,Auto,True
b0cf016f-bbf4-401f-9d30-fa0453a0bd4c,Borrower_b0cf016f,user_b0cf016f@example.com,59,82793.52,77411.33,687,83,4,9.92,48,0.215,Bachelor's,Full-time,Married,True,False,Auto,True
d8cdc813-ba21-444e-bf98-c6ba08a8a234,Borrower_d8cdc813,user_d8cdc813@example.com,34,123382.86,143070.33,501,94,1,18.87,60,0.5923,Master's,Full-time,Single,True,False,Auto,True
1a08de31-c00d-46b9-9f7e-2cdbad37ed87,Borrower_1a08de31,user_1a08de31@example.com,62,40843.59,66730.43,542,101,4,23.5,12,0.3621,Bachelor's,Full-time,Single,False,True,Business,False
4cdffdeb-bfc5-439e-a390-58393bc171f4,Borrower_4cdffdeb,user_4cdffdeb@example.com,24,24949.42,13989.71,680,50,1,7.48,60,0.3279,High School,Part-time,Married,False,True,Auto,False
b2885fcc-e47e-4759-83ef-9ee1dc54b782,Borrower_b2885fcc,user_b2885fcc@example.com,36,79949.1,83482.56,700,113,3,18.61,24,0.1519,Bachelor's,Part-time,Divorced,False,True,Auto,True
d516d640-cc64-49f5-8e8a-5b049e4a3884,Borrower_d516d640,user_d516d640@example.com,54,17482.96,47159.9,549,111,1,8.1,36,0.2876,Bachelor's,Full-time,Single,False,True,Home,True
56466153-f1dd-426a-aea2-145d7cb34850,Borrower_56466153,user_56466153@example.com,31,68694.65,71806.51,821,12,4,11.18,24,0.5428,High School,Full-time,Divorced,False,True,Auto,False
580edcf5-acb0-4e68-a229-0faf5123dc45,Borrower_580edcf5,user_580edcf5@example.com,34,149999.0,249999.0,725,24,2,22.03,48,0.2135,Master's,Self-employed,Divorced,True,True,Business,True
e3e5b3c8-aad7-4790-a6df-3932c2feac4d,Borrower_e3e5b3c8,user_e3e5b3c8@example.com,46,28720.78,29520.41,425,12,1,15.56,36,0.3141,Master's,Full-time,Divorced,False,False,Other,False
28825f23-ed43-4c9a-b94c-63972e0a9c19,Borrower_28825f23,user_28825f23@example.com,33,62372.29,34335.73,798,8,2,10.61,36,0.2806,Master's,Part-time,Single,False,True,Education,True
68dca090-f2a9-4a5e-a232-ba33e5a39132,Borrower_68dca090,user_68dca090@example.com,58,36578.93,38340.68,379,71,2,20.93,24,0.2752,Bachelor's,Full-time,Married,True,False,Auto,False
c6979951-1d0e-480e-9f88-c399b943343a,Borrower_c6979951,user_c6979951@example.com,62,38415.8,93464.25,373,24,1,5.16,36,0.2052,Bachelor's,Part-time,Single,True,True,Home,True
15c248a4-335d-42af-9f7c-608d0d61f1e1,Borrower_15c248a4,user_15c248a4@example.com,54,76989.64,119351.06,688,26,3,19.33,60,0.2185,Bachelor's,Full-time,Divorced,True,True,Business,False
dfebedc5-eb84-491c-be55-5aa00d1c2ef2,Borrower_dfebedc5,user_dfebedc5@example.com,53,120161.04,112008.35,680,85,4,17.12,24,0.4681,Bachelor's,Full-time,Single,False,True,Auto,False
5f578b59-c208-4ae9-a4b1-730735c6bc10,Borrower_5f578b59,user_5f578b59@example.com,35,52319.42,38352.23,684,68,1,3.21,36,0.4669,Bachelor's,Full-time,Single,False,True,Other,False
67ff74ce-be1e-48ea-b005-21827c9a2d02,Borrower_67ff74ce,user_67ff74ce@example.com,43,54515.07,55918.15,680,40,1,14.44,36,0.2388,PhD,Full-time,Single,True,True,Business,True
6e1e5ca1-9113-4c35-99a0-351bc1218015,Borrower_6e1e5ca1,user_6e1e5ca1@example.com,24,48945.66,49506.2,510,45,4,22.46,12,0.3837,Master's,Full-time,Married,False,True,Auto,False
addf9c20-5f8e-4cf9-86d8-c242bc2ce0ae,Borrower_addf9c20,user_addf9c20@example.com,39,44452.86,65007.95,547,85,1,23.24,48,0.2246,Bachelor's,Full-time,Married,False,True,Business,False
6d6c83ae-5f78-4a7f-bdf5-9d038b0f5341,Borrower_6d6c83ae,user_6d6c83ae@example.com,41,90454.06,55391.27,828,24,4,18.75,60,0.4224,Bachelor's,Self-employed,Divorced,False,False,Auto,False
17fa480c-6c80-46e1-8032-565cf6722cbd,Borrower_17fa480c,user_17fa480c@example.com,57,38443.64,81101.0,408,22,2,21.1,12,0.312,Master's,Full-time,Single,True,False,Home,True
6eaf417a-08aa-4ee8-8746-40b7a7d16182,Borrower_6eaf417a,user_6eaf417a@example.com,59,94389.08,165628.29,610,24,4,20.06,12,0.3179,Bachelor's,Part-time,Single,False,True,Home,True
0a23a0ec-3936-4c9c-b524-ee033eaa9344,Borrower_0a23a0ec,user_0a23a0ec@example.com,64,31874.48,56479.33,834,44,4,9.05,48,0.2547,Bachelor's,Unemployed,Married,True,True,Business,False
4c904829-971c-4f26-bdd8-b495ffa46df5,Borrower_4c904829,user_4c904829@example.com,33,66017.24,43188.0,607,15,1,22.6,48,0.1396,Bachelor's,Part-time,Married,True,False,Auto,True
f93635b4-e9c8-464c-9224-207cc9a93a2f,Borrower_f93635b4,user_f93635b4@example.com,30,108049.84,103067.1,321,92,4,10.61,60,0.2324,Bachelor's,Full-time,Single,True,False,Other,True
81aa7f4a-2ef6-4db6-afb0-101f057aca2c,Borrower_81aa7f4a,user_81aa7f4a@example.com,58,46732.01,47925.76,800,24,2,17.02,36,0.2557,High School,Full-time,Single,False,True,Auto,False
0062afab-1c02-4a9b-a686-3051c8f89723,Borrower_0062afab,user_0062afab@example.com,20,53676.25,69814.79,708,24,4,6.21,36,0.3889,Bachelor's,Full-time,Married,True,True,Auto,True
6a4ce228-0b27-4355-9699-441661bda30e,Borrower_6a4ce228,user_6a4ce228@example.com,65,47789.61,29104.31,823,101,3,7.1,36,0.1812,Bachelor's,Self-employed,Divorced,True,True,Other,False
db02209d-e4ac-48fd-874d-08ee6b8b62fa,Borrower_db02209d,user_db02209d@example.com,20,89620.62,176048.51,647,42,1,16.8,48,0.2382,Bachelor's,Self-employed,Single,False,False,Home,True
72a93834-0611-4d84-b95e-d4dcfe4afe5d,Borrower_72a93834,user_72a93834@example.com,22,104537.39,126412.49,345,98,2,23.4,48,0.2353,Bachelor's,Full-time,Married,True,True,Auto,False
53cdf9c4-7350-4a52-aba3-3d677cdf6479,Borrower_53cdf9c4,user_53cdf9c4@example.com,49,89406.29,69605.66,694,61,3,16.24,36,0.1752,Bachelor's,Self-employed,Single,True,True,Education,False
f0992e90-2b84-4bca-b78a-8061a9a5d8c2,Borrower_f0992e90,user_f0992e90@example.com,61,61268.62,69789.34,304,79,4,23.45,36,0.138,PhD,Part-time,Divorced,True,False,Auto,True
f3a486ef-b3d4-4fb5-989b-a19e72292353,Borrower_f3a486ef,user_f3a486ef@example.com,68,136191.51,128481.23,333,75,1,3.92,24,0.3702,Bachelor's,Part-time,Divorced,False,False,Other,True
78ae2694-b115-479c-ad3d-488efb2e7330,Borrower_78ae2694,user_78ae2694@example.com,49,95166.28,108161.88,700,91,4,21.19,48,0.3817,Bachelor's,Full-time,Married,True,True,Education,True
55b62eea-72d4-402d-b977-57d493cf87e4,Borrower_55b62eea,user_55b62eea@example.com,35,149999.0,131125.8,355,24,4,6.49,60,0.4074,Bachelor's,Full-time,Married,True,False,Other,True
7aed0a04-4708-40fb-8873-b4003d46d61e,Borrower_7aed0a04,user_7aed0a04@example.com,62,47354.87,81672.28,814,118,3,17.05,36,0.2573,High School,Full-time,Married,True,False,Home,False
deb036f6-ba03-455c-8abb-67979630ef56,Borrower_deb036f6,user_deb036f6@example.com,33,20017.48,17125.05,724,78,1,10.96,60,0.3368,Bachelor's,Full-time,Divorced,True,False,Auto,True
bbe82826-7ffd-4cb3-8e8d-dd154abaacbd,Borrower_bbe82826,user_bbe82826@example.com,38,32729.8,29543.35,555,24,1,15.79,24,0.6037,High School,Full-time,Single,True,False,Auto,False
822070e7-8241-4f38-89d9-28f9e88a14d0,Borrower_822070e7,user_822070e7@example.com,26,63812.1,49132.09,654,19,4,14.9,60,0.287,Bachelor's,Full-time,Single,True,False,Education,True
b45ec54b-c3d8-42ce-9948-bc10cc6e7132,Borrower_b45ec54b,user_b45ec54b@example.com,43,37364.36,62500.99,685,24,1,21.97,36,0.4249,Bachelor's,Self-employed,Divorced,True,True,Home,True
780b3503-1c93-4f2d-82c8-090a438ff292,Borrower_780b3503,user_780b3503@example.com,45,69985.46,80753.56,546,23,1,18.25,36,0.2202,Master's,Full-time,Married,True,True,Education,False
832c3d33-5aae-4baa-bece-40b5091c2da9,Borrower_832c3d33,user_832c3d33@example.com,66,89050.24,77073.24,454,112,1,2.58,60,0.5237,High School,Part-time,Married,True,False,Auto,False
51a483f4-0303-4484-bd14-bec6d47a5e2f,Borrower_51a483f4,user_51a483f4@example.com,38,137769.99,230478.87,768,38,2,3.32,24,0.417,Bachelor's,Full-time,Divorced,False,True,Business,False
d715a15b-0521-47f0-a3bc-87bbab2909ef,Borrower_d715a15b,user_d715a15b@example.com,60,128484.93,249999.0,825,24,3,22.4,12,0.3026,Bachelor's,Part-time,Single,False,False,Home,True
236a37b9-e07b-4d52-9ccb-d9094c709fda,Borrower_236a37b9,user_236a37b9@example.com,32,15451.55,10708.46,345,96,2,6.22,12,0.4302,Master's,Full-time,Married,True,False,Auto,True
684c841b-143b-404c-b43d-a4545fae02f5,Borrower_684c841b,user_684c841b@example.com,19,31515.94,25986.29,669,93,1,11.79,24,0.2426,Bachelor's,Part-time,Married,False,True,Other,True
bd938309-fafa-42b0-b227-51361b36a39f,Borrower_bd938309,user_bd938309@example.com,41,149999.0,249999.0,528,6,1,16.84,36,0.6182,High School,Full-time,Married,False,True,Home,True
1411b6b3-f627-45cc-9679-054bdf129f20,Borrower_1411b6b3,user_1411b6b3@example.com,58,26692.37,16025.8,842,22,1,2.53,24,0.3728,High School,Self-employed,Married,True,False,Education,False
390d7cd3-f71f-4344-a62e-d94d88036922,Borrower_390d7cd3,user_390d7cd3@example.com,68,32509.86,36124.72,320,94,3,20.92,12,0.4134,High School,Full-time,Divorced,True,True,Business,True
7589f044-246c-4703-b751-a2daadb2209e,Borrower_7589f044,user_7589f044@example.com,62,71930.01,108076.8,750,66,1,7.61,12,0.4207,Bachelor's,Part-time,Single,True,True,Home,False
bacfe537-b420-47e4-aff2-6fc5ae783b71,Borrower_bacfe537,user_bacfe537@example.com,44,28028.38,21227.66,816,34,1,9.47,48,0.2236,Bachelor's,Part-time,Married,True,True,Auto,True
7c8f8733-04a3-418c-9848-8082be470ed7,Borrower_7c8f8733,user_7c8f8733@example.com,43,97635.83,187274.76,318,64,2,16.53,36,0.3754,Bachelor's,Part-time,Single,True,False,Home,True
5e53fa72-dcdb-48d2-9bbb-494d941b5322,Borrower_5e53fa72,user_5e53fa72@example.com,37,117259.46,115585.69,512,45,2,21.43,36,0.3775,Bachelor's,Full-time,Divorced,False,False,Business,False
f3748c0f-b090-4bd7-80fc-fe8c475e86df,Borrower_f3748c0f,user_f3748c0f@example.com,45,67418.92,68810.11,469,67,1,14.8,12,0.4516,Bachelor's,Full-time,Married,False,True,Auto,True
e34f2571-efeb-4c5c-8ecb-5726f59e55e9,Borrower_e34f2571,user_e34f2571@example.com,50,41026.97,36968.57,333,44,2,16.0,24,0.2467,High School,Full-time,Married,False,False,Education,True
4fe9d791-044b-446e-9ff5-4f6a2b39774f,Borrower_4fe9d791,user_4fe9d791@example.com,35,29522.34,11546.21,485,41,2,14.94,36,0.2408,High School,Full-time,Divorced,True,True,Other,True
7b47a42c-5aea-43b8-b5b7-0d95dcb80013,Borrower_7b47a42c,user_7b47a42c@example.com,50,26758.79,47995.17,701,24,2,5.94,12,0.312,Bachelor's,Self-employed,Divorced,False,False,Home,True
126f003c-3f26-4792-b101-2685c2e7d4be,Borrower_126f003c,user_126f003c@example.com,46,56254.8,79645.62,505,107,4,7.41,48,0.3236,High School,Full-time,Divorced,True,True,Home,True
966a58f9-0d8f-4c96-8ec7-595addd2cb3b,Borrower_966a58f9,user_966a58f9@example.com,37,37989.66,28115.21,419,39,4,16.41,60,0.3777,Bachelor's,Self-employed,Single,False,True,Education,True
7c03aa56-70a5-4535-894e-af144ee8d6ce,Borrower_7c03aa56,user_7c03aa56@example.com,51,51089.55,105450.41,756,0,3,14.62,12,0.4455,Bachelor's,Full-time,Single,True,False,Business,True
ce317132-d17c-43ab-a07b-704bd56dc31a,Borrower_ce317132,user_ce317132@example.com,35,94446.9,78380.08,660,60,4,8.6,36,0.2191,Bachelor's,Part-time,Single,True,True,Auto,False
83376503-c467-436d-86f5-fa8c742221fe,Borrower_83376503,user_83376503@example.com,65,70365.31,63652.32,731,109,4,22.25,60,0.2721,Bachelor's,Part-time,Married,False,True,Other,False
55759e76-8292-4fed-b00a-d073c71d30ad,Borrower_55759e76,user_55759e76@example.com,27,149999.0,249999.0,687,77,4,16.32,36,0.4114,Bachelor's,Full-time,Divorced,True,True,Home,True
37f10daa-6beb-4403-9560-3273c3940399,Borrower_37f10daa,user_37f10daa@example.com,57,32970.46,25166.37,680,36,1,9.07,36,0.2258,Bachelor's,Full-time,Married,False,False,Education,False
9b81f863-8c98-42e0-8e78-d266e4e0fbd7,Borrower_9b81f863,user_9b81f863@example.com,41,60000.0,139653.99,680,79,4,3.6,24,0.3197,Master's,Full-time,Divorced,False,True,Auto,True
18d538d5-ae42-4752-a247-0be4f5825572,Borrower_18d538d5,user_18d538d5@example.com,67,21436.28,20053.72,680,34,1,5.68,12,0.4572,High School,Full-time,Divorced,True,True,Auto,False
05836354-b60a-4656-a5c3-3adeb28927e1,Borrower_05836354,user_05836354@example.com,40,105974.8,151778.94,731,24,3,14.42,36,0.5024,Bachelor's,Part-time,Divorced,True,True,Business,False
f774ed41-9a84-40cd-9460-50949b39ad86,Borrower_f774ed41,user_f774ed41@example.com,55,86048.92,187936.68,777,16,4,23.97,36,0.4341,Bachelor's,Unemployed,Married,False,False,Home,False
70a36153-c48e-475d-b020-6204794564ea,Borrower_70a36153,user_70a36153@example.com,37,36436.27,36754.22,585,2,2,22.14,60,0.3445,Master's,Part-time,Divorced,True,True,Auto,True
59ca92e2-b804-43c5-91d3-70874dfb4e07,Borrower_59ca92e2,user_59ca92e2@example.com,69,27902.14,26572.02,773,32,3,19.84,36,0.3502,Bachelor's,Part-time,Married,False,False,Auto,False
ba84c5b5-015a-44e3-a3ae-4a8ea59bf717,Borrower_ba84c5b5,user_ba84c5b5@example.com,54,33499.62,26757.66,461,24,1,15.14,48,0.341,Bachelor's,Full-time,Single,False,True,Education,True
f0012f84-a7a6-452c-8b70-534c0b5aa168,Borrower_f0012f84,user_f0012f84@example.com,65,62574.5,102563.69,403,52,4,6.9,48,0.2148,Bachelor's,Full-time,Single,False,True,Home,False
bd56c74e-b253-47fb-b952-3adccefe4469,Borrower_bd56c74e,user_bd56c74e@example.com,23,28893.15,26177.9,638,109,3,5.7,48,0.2503,Bachelor's,Full-time,Married,True,False,Auto,True
398376d4-b6c8-49c3-b380-5194e8844e5a,Borrower_398376d4,user_398376d4@example.com,47,61103.04,59909.71,758,98,3,4.17,12,0.3094,High School,Full-time,Divorced,True,False,Auto,False
42265e18-ae2c-408c-94f3-0c3ba3973343,Borrower_42265e18,user_42265e18@example.com,47,43498.58,45456.96,737,99,2,4.8,12,0.3459,Bachelor's,Full-time,Married,False,True,Auto,True
6e43ea96-bb08-4445-ae38-f95d240233a0,Borrower_6e43ea96,user_6e43ea96@example.com,40,149999.0,249999.0,738,21,1,12.66,12,0.2733,High School,Self-employed,Married,False,False,Home,False
e295b555-de51-4370-b695-976fc2b78e70,Borrower_e295b555,user_e295b555@example.com,52,37651.88,51673.39,642,81,1,19.43,36,0.4497,High School,Full-time,Married,False,False,Business,False
146f0bd4-f167-413b-a697-95e6d882fdc3,Borrower_146f0bd4,user_146f0bd4@example.com,59,18475.11,22685.95,388,95,2,6.73,36,0.2743,Bachelor's,Part-time,Single,False,False,Business,False
c89a53db-2a77-495c-8cde-0015cb145002,Borrower_c89a53db,user_c89a53db@example.com,57,60000.0,130800.56,714,107,3,10.18,36,0.3563,Master's,Full-time,Married,True,False,Business,False
dad60f53-fee5-4ac7-ba05-b739863cbebb,Borrower_dad60f53,user_dad60f53@example.com,43,36501.72,54245.04,846,98,1,8.88,60,0.2992,Bachelor's,Full-time,Married,False,False,Business,True
693c9052-31db-4fbe-a57c-9caa01889f39,Borrower_693c9052,user_693c9052@example.com,60,40450.45,28592.72,430,2,1,17.36,12,0.1698,Bachelor's,Full-time,Married,True,False,Auto,False
d0400769-b5c6-415d-98ba-85eb8eaffcdb,Borrower_d0400769,user_d0400769@example.com,57,102790.68,144829.54,680,50,2,11.29,24,0.4437,Bachelor's,Part-time,Divorced,False,False,Business,True
c56dc46c-9db7-4495-afae-eca85c47a4f6,Borrower_c56dc46c,user_c56dc46c@example.com,26,23682.74,26211.92,444,0,4,17.92,48,0.3143,Bachelor's,Unemployed,Single,True,True,Other,True
81872388-03cf-42aa-aa7b-38112c82a789,Borrower_81872388,user_81872388@example.com,30,60845.66,45517.2,659,110,2,16.77,12,0.3932,High School,Unemployed,Divorced,False,True,Auto,False
9990ea34-1965-4d2d-b5f1-c022ba99a148,Borrower_9990ea34,user_9990ea34@example.com,23,134918.35,94089.95,431,24,4,13.54,60,0.4502,High School,Self-employed,Divorced,True,True,Auto,True
d0451672-d4f4-4182-80c0-27d5cc218d4b,Borrower_d0451672,user_d0451672@example.com,69,104294.64,102398.81,582,86,3,6.21,48,0.365,Bachelor's,Unemployed,Divorced,True,False,Education,True
9dfbadc2-3e48-48a2-a61c-9b076a12d557,Borrower_9dfbadc2,user_9dfbadc2@example.com,59,88196.31,80465.18,350,105,2,15.38,48,0.4307,Bachelor's,Full-time,Divorced,True,True,Auto,True
76c892ba-6784-40be-b8ec-b0c731c127ad,Borrower_76c892ba,user_76c892ba@example.com,65,71775.51,84493.58,675,57,1,10.59,12,0.2978,Master's,Full-time,Married,True,True,Education,True
461991f4-43c4-4b51-b264-7cbf47a11f4c,Borrower_461991f4,user_461991f4@example.com,26,99500.52,105734.79,821,87,1,18.27,12,0.2309,High School,Full-time,Divorced,True,True,Auto,False
8179fe96-9082-4c28-9d25-c2a477de24ea,Borrower_8179fe96,user_8179fe96@example.com,41,23346.77,24388.78,469,81,4,24.31,60,0.4168,Bachelor's,Full-time,Single,True,False,Auto,True
b8c7982d-7609-402d-b8e0-566fdebb06c3,Borrower_b8c7982d,user_b8c7982d@example.com,57,149999.0,123683.52,843,30,2,21.36,24,0.3381,Bachelor's,Full-time,Married,False,True,Auto,False
eb3a9307-c04c-470f-bb39-03ee1cc5ed8f,Borrower_eb3a9307,user_eb3a9307@example.com,48,68406.79,67271.03,426,63,3,18.68,24,0.3024,PhD,Self-employed,Divorced,True,True,Auto,True
cab4197c-3ad3-4525-b9f2-8319adf4200a,Borrower_cab4197c,user_cab4197c@example.com,34,58298.35,78797.75,410,89,1,17.28,12,0.2936,Master's,Full-time,Single,False,True,Home,False
54de605d-d869-4ab8-a79e-448ee2780c97,Borrower_54de605d,user_54de605d@example.com,68,47066.33,45080.22,411,38,2,6.07,60,0.3823,Bachelor's,Full-time,Divorced,True,False,Education,True
f74e57c1-983e-4f4f-950b-7171fcf3c41c,Borrower_f74e57c1,user_f74e57c1@example.com,19,60000.0,119125.05,445,96,3,6.81,36,0.2325,Bachelor's,Full-time,Married,False,True,Home,True
6ae18d50-664e-4097-9d6c-60b898747b1b,Borrower_6ae18d50,user_6ae18d50@example.com,35,56626.33,49784.78,474,106,3,7.59,60,0.3124,Bachelor's,Unemployed,Married,True,True,Education,True
49ebfbc0-13ec-4409-9443-118417fc5ddc,Borrower_49ebfbc0,user_49ebfbc0@example.com,48,71500.39,85232.57,351,66,1,24.43,48,0.3151,Bachelor's,Full-time,Single,False,False,Auto,False
62868481-275c-4a59-ac3c-aecea0392912,Borrower_62868481,user_62868481@example.com,49,66310.75,52909.84,731,20,3,24.41,12,0.2446,High School,Full-time,Married,True,False,Auto,False
9f4a94c4-731b-4a84-b672-a8f28b502a5f,Borrower_9f4a94c4,user_9f4a94c4@example.com,33,94028.79,153226.8,680,57,4,21.29,48,0.4867,High School,Full-time,Divorced,False,True,Business,True
bd5ae6c5-672c-4062-a8cf-bd316b166302,Borrower_bd5ae6c5,user_bd5ae6c5@example.com,43,126117.73,169868.59,541,102,4,20.16,48,0.3016,High School,Self-employed,Married,False,True,Business,False
6875f24c-f09a-41b1-93ed-c11801a00c30,Borrower_6875f24c,user_6875f24c@example.com,37,44561.23,28661.38,670,72,1,24.41,36,0.4764,High School,Part-time,Single,True,True,Auto,True
7244c11d-ae25-4148-8eb1-be1634189fa4,Borrower_7244c11d,user_7244c11d@example.com,27,15000.0,14273.31,303,90,3,23.59,36,0.4381,Bachelor's,Full-time,Single,False,False,Other,True
5dad898d-6987-423e-a95d-191425b18301,Borrower_5dad898d,user_5dad898d@example.com,24,45561.89,62570.5,680,65,2,13.77,12,0.3084,PhD,Full-time,Married,False,True,Auto,False
88fe8e5d-d6bf-4fdd-a4c0-8c20a13856bf,Borrower_88fe8e5d,user_88fe8e5d@example.com,49,119910.16,162316.38,680,79,2,20.14,60,0.3835,Bachelor's,Full-time,Divorced,False,False,Home,False
03bd0ac3-c6f3-40d7-aed5-4113a70adc29,Borrower_03bd0ac3,user_03bd0ac3@example.com,43,54399.21,106418.54,655,74,3,12.26,12,0.2997,Bachelor's,Unemployed,Single,False,False,Home,True
992117c2-06a3-4637-84d2-3389b57a2abc,Borrower_992117c2,user_992117c2@example.com,61,60131.86,60137.59,471,11,4,23.04,36,0.4711,PhD,Full-time,Divorced,True,False,Education,True
da16f1f4-373d-45fa-bdc3-5a5dae235681,Borrower_da16f1f4,user_da16f1f4@example.com,55,60957.66,60270.52,804,62,4,2.37,12,0.2053,Bachelor's,Self-employed,Divorced,False,True,Auto,True
6f961c58-458f-43c1-bff0-da7b68933f23,Borrower_6f961c58,user_6f961c58@example.com,69,30368.09,28208.44,322,105,4,4.45,60,0.3677,High School,Full-time,Single,True,True,Education,False
0723d183-fb9c-49a5-b1a6-ccdc1b5ade9c,Borrower_0723d183,user_0723d183@example.com,25,149999.0,143793.3,596,93,1,6.93,48,0.3263,High School,Full-time,Single,False,False,Auto,True
5142e0ae-efa9-4d26-8d25-19703e63af1e,Borrower_5142e0ae,user_5142e0ae@example.com,43,96329.17,111585.24,674,115,2,16.13,12,0.1933,Bachelor's,Full-time,Divorced,False,True,Business,False
ffe55871-a531-48d2-abb8-6f1c68e4466c,Borrower_ffe55871,user_ffe55871@example.com,44,31290.64,16401.19,753,77,3,3.67,12,0.2857,Bachelor's,Self-employed,Married,False,False,Auto,True
5dd3b958-f6a2-4410-bb10-3cf01e91193b,Borrower_5dd3b958,user_5dd3b958@example.com,60,66667.97,117712.6,441,101,1,14.37,12,0.1821,Bachelor's,Part-time,Divorced,False,True,Home,True
d3f4ec89-2a15-4edf-a8fa-db40418ed4e2,Borrower_d3f4ec89,user_d3f4ec89@example.com,19,120056.92,74862.04,393,25,1,4.61,36,0.435,Bachelor's,Self-employed,Single,True,True,Business,True
c3fc98fb-bfe9-4d94-8530-cb0175626212,Borrower_c3fc98fb,user_c3fc98fb@example.com,22,54553.25,48348.73,318,24,3,16.45,12,0.4183,High School,Self-employed,Single,False,True,Auto,True
3904371f-0f02-411e-a796-5bf5fdffddf8,Borrower_3904371f,user_3904371f@example.com,35,83231.81,74609.0,578,56,4,19.54,48,0.3649,Master's,Part-time,Divorced,False,True,Other,False
cb085c4f-8536-4bc6-89f4-e032fde43674,Borrower_cb085c4f,user_cb085c4f@example.com,43,36533.81,31198.22,558,91,4,6.38,36,0.4494,Master's,Full-time,Married,True,False,Auto,False
6f741c17-1ab5-4ae0-ab62-861a09c7ae35,Borrower_6f741c17,user_6f741c17@example.com,43,40204.6,29649.67,658,48,3,18.85,60,0.3333,Bachelor's,Full-time,Divorced,False,True,Education,False
da6b0800-3cab-4f72-8967-5210c05d380a,Borrower_da6b0800,user_da6b0800@example.com,56,54891.63,36600.76,418,111,1,11.85,36,0.1778,Bachelor's,Part-time,Single,False,False,Auto,False
d7f106c3-74bd-4d53-96a1-3d48df9134fe,Borrower_d7f106c3,user_d7f106c3@example.com,27,24766.23,28904.43,584,85,1,13.3,24,0.2667,Master's,Part-time,Divorced,False,False,Business,False
331e05fe-754d-484f-bdc4-fd10a9fdd545,Borrower_331e05fe,user_331e05fe@example.com,65,60000.0,43178.81,667,12,3,2.65,60,0.4602,Bachelor's,Full-time,Single,True,True,Auto,True
24130e52-40ca-44bb-880b-18eb2783efb7,Borrower_24130e52,user_24130e52@example.com,36,85828.75,77379.84,836,89,2,16.08,48,0.4735,Bachelor's,Self-employed,Married,True,False,Auto,False
6460f18f-2575-480e-8f4c-758a290c5151,Borrower_6460f18f,user_6460f18f@example.com,28,41217.37,38453.1,682,70,2,14.07,12,0.3556,Bachelor's,Self-employed,Divorced,False,False,Education,True
